address,alias_if_known,auto_tier,red_flags_detected,validation_notes,portfolio_value_usd,trades_count,trades_capped,k_markets,l_categories,hhi_cat,win_rate_approx,first_trade,last_trade,days_active,trades_per_day_median,temporal_consistency,composite_score,polymarket_url
0xc6587b11a2209e46dfe3928b31c5514a8e33b784,Erasmus.,A1_candidate,,"A1 strict : 3100 trades / 6 cat / 627j / portfolio $1,393,538",1393537.9077,3100,False,659,6,0.3327,0.8706,2024-08-02,2026-04-21,627,5,0.5443,0.9878,https://polymarket.com/profile/0xc6587b11a2209e46dfe3928b31c5514a8e33b784
0x0c0e270cf879583d6a0142fc817e05b768d0434e,The Spirit of Ukraine>UMA,A1_candidate,,"A1 strict : 2716 trades / 6 cat / 1226j / portfolio $539,315",539314.6607,2716,False,872,6,0.338,0.7927,2022-12-12,2026-04-22,1226,4.0,0.3179,0.801,https://polymarket.com/profile/0x0c0e270cf879583d6a0142fc817e05b768d0434e
0x000d257d2dc7616feaef4ae0f14600fdf50a758e,scottilicious,A1_candidate,,"A1 strict : 3100 trades / 6 cat / 338j / portfolio $987,483",987482.6706,3100,False,592,6,0.3222,0.811,2025-05-18,2026-04-21,338,8,0.7716,0.5517,https://polymarket.com/profile/0x000d257d2dc7616feaef4ae0f14600fdf50a758e
0x011f2d377e56119fb09196dffb0948ae55711122,11122,A1_candidate,,"A1 strict : 3100 trades / 6 cat / 292j / portfolio $535,647",535647.1965,3100,False,1295,6,0.2562,0.6529,2025-07-03,2026-04-22,292,7,0.7621,0.5274,https://polymarket.com/profile/0x011f2d377e56119fb09196dffb0948ae55711122
0x614dc8d3542c12103d2c6a3553fd761e391d1546,mr.ozi,A1_candidate,,"A1 strict : 3100 trades / 6 cat / 429j / portfolio $543,899",543899.4646,3100,False,633,6,0.3148,0.7152,2025-02-16,2026-04-22,429,7,0.5438,0.3432,https://polymarket.com/profile/0x614dc8d3542c12103d2c6a3553fd761e391d1546
0x45b39e1f71e47fd4afe4b988ffad690b644735bc,onekey09,A1_candidate,,"A1 strict : 897 trades / 6 cat / 190j / portfolio $1,155,271",1155270.569,897,False,531,6,0.393,0.9498,2025-10-14,2026-04-22,190,4,0.6641,0.1469,https://polymarket.com/profile/0x45b39e1f71e47fd4afe4b988ffad690b644735bc
0xf5198df69e13937a40d1c76d6f72d9aa067d906b,sbimbg,A1_candidate,,"A1 strict : 1728 trades / 6 cat / 522j / portfolio $105,049",105048.977,1728,False,917,6,0.4019,0.7002,2024-11-15,2026-04-22,522,4,0.4495,-0.0156,https://polymarket.com/profile/0xf5198df69e13937a40d1c76d6f72d9aa067d906b
0x9703676286b93c2eca71ca96e8757104519a69c2,TheMangler,A1_candidate,,"A1 strict : 2018 trades / 4 cat / 562j / portfolio $489,140",489140.4608,2018,False,714,4,0.4351,0.7825,2024-10-01,2026-04-17,562,3,0.493,-0.0926,https://polymarket.com/profile/0x9703676286b93c2eca71ca96e8757104519a69c2
0x2e3ea056400d81c42e2ce26ef25fda4ec5caabea,HDGB,A1_candidate,,"A1 strict : 1140 trades / 6 cat / 233j / portfolio $125,276",125275.8943,1140,False,369,6,0.272,0.5886,2025-08-31,2026-04-21,233,6.0,0.4308,-0.4874,https://polymarket.com/profile/0x2e3ea056400d81c42e2ce26ef25fda4ec5caabea
0xc1b399b26020a4f689108e9640fd3dc8ffc8501c,CoffeeLover,A2_candidate,,"A2 : 3100 trades / 6 cat / 303j / portfolio $82,868",82867.5599,3100,False,1218,6,0.2996,0.7252,2025-06-22,2026-04-22,303,9.0,0.7393,0.2224,https://polymarket.com/profile/0xc1b399b26020a4f689108e9640fd3dc8ffc8501c
0xf9f207b77137caa79c6c4516abdef3133db45cba,extractive-manatee,A2_candidate,,"A2 : 2651 trades / 6 cat / 455j / portfolio $43,567",43566.5828,2651,False,1158,6,0.4669,0.719,2025-01-20,2026-04-21,455,6.0,0.3416,0.175,https://polymarket.com/profile/0xf9f207b77137caa79c6c4516abdef3133db45cba
0x4e25605fd905e9972efc0f4d8814530c655cd7a7,,A2_candidate,,"A2 : 3100 trades / 4 cat / 122j / portfolio $655,008",655008.0281,3100,False,1220,4,0.3666,0.9284,2025-12-20,2026-04-22,122,15.0,0.8632,0.1697,https://polymarket.com/profile/0x4e25605fd905e9972efc0f4d8814530c655cd7a7
0x510904c9a58f5c5ad799a1b44947077564175e9c,Logan.,A2_candidate,,"A2 : 3100 trades / 6 cat / 319j / portfolio $87,038",87038.4484,3100,False,678,6,0.3002,0.7539,2025-06-06,2026-04-22,319,8,0.5922,0.0182,https://polymarket.com/profile/0x510904c9a58f5c5ad799a1b44947077564175e9c
0x16cbe223607a6513ae76d1e3751c78e4eabc2704,MRF,A2_candidate,,"A2 : 3100 trades / 5 cat / 231j / portfolio $107,647",107646.7392,3100,False,1006,5,0.3284,0.8732,2025-09-02,2026-04-21,231,11,0.8678,-0.0406,https://polymarket.com/profile/0x16cbe223607a6513ae76d1e3751c78e4eabc2704
0x6480542954b70a674a74bd1a6015dec362dc8dc5,tripping,A2_candidate,,"A2 : 2299 trades / 6 cat / 383j / portfolio $39,029",39029.2455,2299,False,610,6,0.3078,0.6207,2025-04-04,2026-04-22,383,5,0.6111,-0.1504,https://polymarket.com/profile/0x6480542954b70a674a74bd1a6015dec362dc8dc5
0x095dcfb123a4bc035ee6b0d624bab0cc964352cf,Contrarian - 7451,A2_candidate,,"A2 : 268 trades / 6 cat / 139j / portfolio $1,048,035",1048035.1706,268,False,152,6,0.3037,0.9179,2025-11-30,2026-04-19,139,2.0,0.3948,-0.2138,https://polymarket.com/profile/0x095dcfb123a4bc035ee6b0d624bab0cc964352cf
0xb886580698ede4b18de3e446b2d8da8bcedd81b3,0xB886580698eDE4b18DE3E446b2D8Da8bCEdd81B3-1767532547794,A2_candidate,,"A2 : 2169 trades / 6 cat / 107j / portfolio $154,169",154169.4484,2169,False,673,6,0.3765,0.8446,2026-01-04,2026-04-22,107,12.5,0.8101,-0.2286,https://polymarket.com/profile/0xb886580698ede4b18de3e446b2d8da8bcedd81b3
0x8597ca63e722d6216bfc3057591fdc67ec49daee,Mr-Krabs,A2_candidate,,"A2 : 1450 trades / 6 cat / 442j / portfolio $88,556",88556.3383,1450,False,412,6,0.3451,0.7062,2025-02-03,2026-04-22,442,3.0,0.6203,-0.322,https://polymarket.com/profile/0x8597ca63e722d6216bfc3057591fdc67ec49daee
0x16bd7cc71f6da1e77d1d8255677abc75b9bae288,ddalkkak,A2_candidate,,"A2 : 890 trades / 6 cat / 383j / portfolio $88,163",88163.0001,890,False,325,6,0.3149,0.7584,2025-04-03,2026-04-22,383,4.0,0.3047,-0.4917,https://polymarket.com/profile/0x16bd7cc71f6da1e77d1d8255677abc75b9bae288
0x40047c2a7f97b6849ec2a665425c171dc4b6c40b,0xrc,A2_candidate,,"A2 : 230 trades / 4 cat / 103j / portfolio $313,320",313320.1573,230,False,80,4,0.3303,0.9478,2026-01-08,2026-04-22,103,4,0.4386,-1.0328,https://polymarket.com/profile/0x40047c2a7f97b6849ec2a665425c171dc4b6c40b
0xed107a85a4585a381e48c7f7ca4144909e7dd2e5,bobe2,reject,erratic_activity,Reject : erratic_activity (2842 trades / 1088j),3596254.3684,2842,False,1132,6,0.297,0.9349,2023-04-29,2026-04-22,1088,4,0.2014,2.7448,https://polymarket.com/profile/0xed107a85a4585a381e48c7f7ca4144909e7dd2e5
0xdbade4c82fb72780a0db9a38f821d8671aba9c95,SwissMiss,reject,erratic_activity,Reject : erratic_activity (969 trades / 656j),1637043.446,969,False,313,6,0.3104,0.8834,2024-07-04,2026-04-22,656,3,0.1263,0.626,https://polymarket.com/profile/0xdbade4c82fb72780a0db9a38f821d8671aba9c95
0x6139c42e48cf190e67a0a85d492413b499336b7a,RememberAmalek,reject,erratic_activity,Reject : erratic_activity (3100 trades / 617j),477830.7463,3100,False,980,6,0.2909,0.7168,2024-08-12,2026-04-21,617,6,0.2808,0.5435,https://polymarket.com/profile/0x6139c42e48cf190e67a0a85d492413b499336b7a
0xc02147dee42356b7a4edbb1c35ac4ffa95f61fa8,Eatpraylove,reject,,"Reject : below thresholds (3100 trades / 165j / $1,002,549)",1002549.2642,3100,False,660,6,0.3062,0.6161,2025-11-07,2026-04-22,165,16.0,0.8841,0.4936,https://polymarket.com/profile/0xc02147dee42356b7a4edbb1c35ac4ffa95f61fa8
0x933ca00f565ba7130180e58fce4f965cc33ba8c6,PrimePenguin,reject,,"Reject : below thresholds (3100 trades / 193j / $17,456)",17456.3495,3100,False,1299,6,0.3838,0.8452,2025-10-10,2026-04-22,193,13,0.852,0.1541,https://polymarket.com/profile/0x933ca00f565ba7130180e58fce4f965cc33ba8c6
0x24c8cf69a0e0a17eee21f69d29752bfa32e823e1,debased,reject,,"Reject : below thresholds (3100 trades / 135j / $620,377)",620377.1373,3100,False,356,6,0.3968,0.7645,2025-12-07,2026-04-22,135,16.0,0.8912,0.1194,https://polymarket.com/profile/0x24c8cf69a0e0a17eee21f69d29752bfa32e823e1
0xd1c769317bd15de7768a70d0214cf0bbcc531d2b,033033033,reject,win_rate_too_high,Reject : win_rate_too_high (1473 trades / 531j),846831.8348,1473,False,517,5,0.2619,0.9728,2024-11-07,2026-04-22,531,3.0,0.4075,0.0878,https://polymarket.com/profile/0xd1c769317bd15de7768a70d0214cf0bbcc531d2b
0x8b4bca1d794779e66e023d44391b2a86c5ab541b,0x8B4bcA1D794779E66e023D44391B2A86C5ab541B-1769764313952,reject,,"Reject : below thresholds (490 trades / 81j / $1,650,210)",1650210.2291,490,False,168,5,0.2428,0.8939,2026-01-29,2026-04-21,81,4.0,0.6384,0.0199,https://polymarket.com/profile/0x8b4bca1d794779e66e023d44391b2a86c5ab541b
0x21064fd320bfd5a86f8c92a94d3209edf4154dea,rainbowlilies,reject,anti_pattern,Reject : anti_pattern (1936 trades / 258j),30434.1255,1936,False,1274,6,0.2822,0.1978,2025-08-06,2026-04-22,258,5,0.7548,-0.0255,https://polymarket.com/profile/0x21064fd320bfd5a86f8c92a94d3209edf4154dea
0xd6a8f78e03f156228fb87fcb8bafea5b92fa58fd,rocky42005,reject,anti_pattern,Reject : anti_pattern (2594 trades / 300j),8539.9331,2594,False,908,6,0.4299,0.2749,2025-06-25,2026-04-22,300,7.0,0.7217,-0.0416,https://polymarket.com/profile/0xd6a8f78e03f156228fb87fcb8bafea5b92fa58fd
0xb48ef6deecd526c0974c35e1f7b5c3bbd12fa144,100x,reject,erratic_activity,Reject : erratic_activity (150 trades / 1117j),460800.5174,150,False,75,6,0.3617,0.8133,2023-03-31,2026-04-22,1117,2.0,0.0228,-0.0952,https://polymarket.com/profile/0xb48ef6deecd526c0974c35e1f7b5c3bbd12fa144
0x53e55bc7cb3d67ad177c023ce891ad076a9d6177,Arbguy,reject,erratic_activity,Reject : erratic_activity (1001 trades / 657j),367360.925,1001,False,339,6,0.308,0.7363,2024-07-03,2026-04-22,657,3.0,0.1956,-0.1432,https://polymarket.com/profile/0x53e55bc7cb3d67ad177c023ce891ad076a9d6177
0x9ca119b8cd7bdb890aecf1ff3b0f6e3a45cc13b5,JoeBlack01,reject,erratic_activity,Reject : erratic_activity (1743 trades / 497j),99354.8105,1743,False,513,6,0.4308,0.638,2024-12-10,2026-04-21,497,5.0,0.2225,-0.1913,https://polymarket.com/profile/0x9ca119b8cd7bdb890aecf1ff3b0f6e3a45cc13b5
0x3a8aa345d5db7ec5138298c8c4f4540259be7699,TheReturnOfDarthMaul,reject,,"Reject : below thresholds (1649 trades / 71j / $521,693)",521692.9353,1649,False,776,5,0.4766,0.6653,2026-02-09,2026-04-21,71,6,0.8456,-0.2292,https://polymarket.com/profile/0x3a8aa345d5db7ec5138298c8c4f4540259be7699
0xd218e474776403a330142299f7796e8ba32eb5c9,cigarettes,reject,win_rate_too_high,Reject : win_rate_too_high (3100 trades / 44j),193453.4256,3100,False,354,5,0.2859,0.9977,2026-03-08,2026-04-22,44,14.5,0.9309,-0.3498,https://polymarket.com/profile/0xd218e474776403a330142299f7796e8ba32eb5c9
0xf8ccb567e89c3240359217ebd0b5b5fe7fce5a82,DapperChapper,reject,inactive | erratic_activity,Reject : inactive (508 trades / 594j),251454.1467,508,False,306,6,0.3139,0.937,2024-07-23,2026-03-10,594,2,0.2013,-0.3529,https://polymarket.com/profile/0xf8ccb567e89c3240359217ebd0b5b5fe7fce5a82
0xcbba64cddd05171925ffd05d8f8abd38c83fdbff,Tw1n999,reject,anti_pattern | erratic_activity,Reject : anti_pattern (908 trades / 541j),12210.3097,908,False,339,6,0.3409,0.2357,2024-10-27,2026-04-22,541,2,0.2333,-0.4435,https://polymarket.com/profile/0xcbba64cddd05171925ffd05d8f8abd38c83fdbff
0xe3ff02e324912152479b1a63bf903ddad290805c,0xe3Ff02E324912152479B1A63bf903ddAD290805C-1720947586435,reject,win_rate_too_high | erratic_activity,Reject : win_rate_too_high (949 trades / 564j),3722.3123,949,False,482,5,0.4497,0.9536,2024-10-04,2026-04-22,564,4,0.156,-0.526,https://polymarket.com/profile/0xe3ff02e324912152479b1a63bf903ddad290805c
0x00425c692a667981118f679ef68fdc775257321e,99problems123,reject,,"Reject : below thresholds (901 trades / 79j / $275,377)",275377.4114,901,False,197,6,0.2979,0.7947,2026-02-01,2026-04-21,79,9,0.7737,-0.5911,https://polymarket.com/profile/0x00425c692a667981118f679ef68fdc775257321e
0xe40ea00e74059c76c0035c919ef6b99c3e25a94d,restart77,reject,erratic_activity,Reject : erratic_activity (645 trades / 422j),245147.9166,645,False,215,5,0.3479,0.724,2025-02-24,2026-04-22,422,2,0.2827,-0.6164,https://polymarket.com/profile/0xe40ea00e74059c76c0035c919ef6b99c3e25a94d
0x362ea6c4dbafffe5df6a3cc6f8f4029547238983,KamAlla,reject,erratic_activity,Reject : erratic_activity (136 trades / 581j),73840.134,136,False,87,6,0.2682,0.7279,2024-09-11,2026-04-15,581,2.0,0.0652,-0.6255,https://polymarket.com/profile/0x362ea6c4dbafffe5df6a3cc6f8f4029547238983
0x5d189e816b4149be00977c1a3c8840374aec4972,gloriafoster,reject,erratic_activity,Reject : erratic_activity (332 trades / 326j),348119.3215,332,False,113,5,0.2992,0.8886,2025-05-30,2026-04-22,326,2.5,0.1069,-0.7031,https://polymarket.com/profile/0x5d189e816b4149be00977c1a3c8840374aec4972
0x8e5c0cc55cda93d6cae14becb3b738a44dcaa68a,cocos228,reject,erratic_activity,Reject : erratic_activity (248 trades / 636j),344732.3343,248,False,70,4,0.3911,0.8468,2024-07-24,2026-04-22,636,2,0.0821,-0.7227,https://polymarket.com/profile/0x8e5c0cc55cda93d6cae14becb3b738a44dcaa68a
