address,alias_if_known,pnl_lifetime,trades_count,k_markets,l_categories,hhi_cat,win_rate_approx,first_trade,last_trade,days_active,temporal_consistency,composite_score,polymarket_url
0x6480542954b70a674a74bd1a6015dec362dc8dc5,tripping,57410666.95,500,144,5,0.3232,0.642,2026-03-03,2026-04-22,49,0.824,2.7384,https://polymarket.com/profile/0x6480542954b70a674a74bd1a6015dec362dc8dc5
0xc8ab97a9089a9ff7e6ef0688e6e591a066946418,ArmageddonRewardsBilly,489209.65,500,373,6,0.3421,0.238,2026-04-14,2026-04-22,7,0.9549,0.4617,https://polymarket.com/profile/0xc8ab97a9089a9ff7e6ef0688e6e591a066946418
0xa66790e2b0075e73c3781ddaf1d0b875a3aaceb3,Elias.Thornwell,86813.91,500,374,6,0.2762,0.972,2026-04-20,2026-04-21,1,0.9538,0.4438,https://polymarket.com/profile/0xa66790e2b0075e73c3781ddaf1d0b875a3aaceb3
0x2f2b21abc4acc31883fc6ee6f8b54da67870d743,LME83,121171.21,500,321,3,0.4975,0.788,2026-03-26,2026-04-22,26,0.8606,0.2893,https://polymarket.com/profile/0x2f2b21abc4acc31883fc6ee6f8b54da67870d743
0xbefa95c276ee8ef6ff3ef43d1c1c454f52bc300d,BabyGroot,199736.85,500,317,6,0.2995,0.474,2026-03-19,2026-04-21,33,0.8085,0.2816,https://polymarket.com/profile/0xbefa95c276ee8ef6ff3ef43d1c1c454f52bc300d
0xe617861a96631d7cefdb1ad43e95c33b5946f251,,78364.59,500,312,5,0.297,0.966,2026-03-27,2026-04-22,25,0.8161,0.2606,https://polymarket.com/profile/0xe617861a96631d7cefdb1ad43e95c33b5946f251
0xf9f207b77137caa79c6c4516abdef3133db45cba,extractive-manatee,657189.74,500,298,4,0.4652,0.782,2026-02-19,2026-04-21,61,0.6757,0.2493,https://polymarket.com/profile/0xf9f207b77137caa79c6c4516abdef3133db45cba
0x45b39e1f71e47fd4afe4b988ffad690b644735bc,onekey09,82697.21,500,303,5,0.369,0.946,2026-02-06,2026-04-22,74,0.785,0.2343,https://polymarket.com/profile/0x45b39e1f71e47fd4afe4b988ffad690b644735bc
0x21064fd320bfd5a86f8c92a94d3209edf4154dea,rainbowlilies,161114.42,500,301,5,0.4918,0.154,2026-01-19,2026-04-22,92,0.6914,0.2324,https://polymarket.com/profile/0x21064fd320bfd5a86f8c92a94d3209edf4154dea
0xc1b399b26020a4f689108e9640fd3dc8ffc8501c,CoffeeLover,300580.62,500,283,6,0.2968,0.806,2026-03-05,2026-04-22,47,0.7883,0.1866,https://polymarket.com/profile/0xc1b399b26020a4f689108e9640fd3dc8ffc8501c
0x16cbe223607a6513ae76d1e3751c78e4eabc2704,MRF,67221.74,500,285,5,0.3102,0.894,2026-03-11,2026-04-21,41,0.8487,0.1804,https://polymarket.com/profile/0x16cbe223607a6513ae76d1e3751c78e4eabc2704
0xe3ff02e324912152479b1a63bf903ddad290805c,0xe3Ff02E324912152479B1A63bf903ddAD290805C-1720947586435,1123783.59,500,264,5,0.3993,0.938,2026-01-05,2026-04-22,106,0.4366,0.1733,https://polymarket.com/profile/0xe3ff02e324912152479b1a63bf903ddad290805c
0x21f90e5ff30c12f52fbb2fb220aa268f22faed12,gandalf,694582.53,500,266,6,0.3911,0.65,2024-12-20,2026-04-18,483,0.0749,0.1569,https://polymarket.com/profile/0x21f90e5ff30c12f52fbb2fb220aa268f22faed12
0x5d189e816b4149be00977c1a3c8840374aec4972,gloriafoster,19343201.92,266,113,5,0.3184,0.891,2025-05-30,2026-04-22,326,0.0969,0.0949,https://polymarket.com/profile/0x5d189e816b4149be00977c1a3c8840374aec4972
0x2e3ea056400d81c42e2ce26ef25fda4ec5caabea,HDGB,1553190.06,500,223,5,0.4373,0.628,2026-03-19,2026-04-21,32,0.8577,0.0747,https://polymarket.com/profile/0x2e3ea056400d81c42e2ce26ef25fda4ec5caabea
0x011f2d377e56119fb09196dffb0948ae55711122,11122,488208.72,500,239,6,0.2388,0.71,2026-03-04,2026-04-22,48,0.7712,0.0666,https://polymarket.com/profile/0x011f2d377e56119fb09196dffb0948ae55711122
0x0c0e270cf879583d6a0142fc817e05b768d0434e,The Spirit of Ukraine>UMA,456942.15,500,234,5,0.2457,0.726,2025-11-05,2026-04-22,168,0.5155,0.0502,https://polymarket.com/profile/0x0c0e270cf879583d6a0142fc817e05b768d0434e
0x16bd7cc71f6da1e77d1d8255677abc75b9bae288,ddalkkak,1138323.95,500,215,6,0.3179,0.822,2025-06-23,2026-04-22,302,0.2534,0.0296,https://polymarket.com/profile/0x16bd7cc71f6da1e77d1d8255677abc75b9bae288
0xde7be6d489bce070a959e0cb813128ae659b5f4b,wan123,5401235.32,500,140,5,0.4472,0.822,2026-03-09,2026-04-22,43,0.7071,0.0295,https://polymarket.com/profile/0xde7be6d489bce070a959e0cb813128ae659b5f4b
0xed107a85a4585a381e48c7f7ca4144909e7dd2e5,bobe2,1273463.06,500,210,6,0.2602,0.95,2026-02-01,2026-04-22,79,0.6454,0.0218,https://polymarket.com/profile/0xed107a85a4585a381e48c7f7ca4144909e7dd2e5
0xc6587b11a2209e46dfe3928b31c5514a8e33b784,Erasmus.,6549928.71,500,101,5,0.438,0.83,2025-10-11,2026-04-21,192,0.4425,-0.0259,https://polymarket.com/profile/0xc6587b11a2209e46dfe3928b31c5514a8e33b784
0xb886580698ede4b18de3e446b2d8da8bcedd81b3,0xB886580698eDE4b18DE3E446b2D8Da8bCEdd81B3-1767532547794,523285.93,500,202,4,0.4906,0.528,2026-02-11,2026-04-21,69,0.6918,-0.0407,https://polymarket.com/profile/0xb886580698ede4b18de3e446b2d8da8bcedd81b3
0xdbade4c82fb72780a0db9a38f821d8671aba9c95,SwissMiss,1992625.03,500,164,4,0.4383,0.888,2025-11-19,2026-04-22,153,0.5684,-0.0765,https://polymarket.com/profile/0xdbade4c82fb72780a0db9a38f821d8671aba9c95
0xdfe3fedc5c7679be42c3d393e99d4b55247b73c4,cqs,1751806.38,500,165,6,0.3372,0.614,2025-08-18,2026-04-22,246,0.5097,-0.086,https://polymarket.com/profile/0xdfe3fedc5c7679be42c3d393e99d4b55247b73c4
0x6139c42e48cf190e67a0a85d492413b499336b7a,RememberAmalek,570151.27,500,179,3,0.4927,0.702,2026-03-01,2026-04-21,51,0.7473,-0.106,https://polymarket.com/profile/0x6139c42e48cf190e67a0a85d492413b499336b7a
0x4e25605fd905e9972efc0f4d8814530c655cd7a7,,360166.14,500,168,4,0.3208,0.812,2026-03-20,2026-04-22,32,0.8263,-0.1494,https://polymarket.com/profile/0x4e25605fd905e9972efc0f4d8814530c655cd7a7
0xea7957606f259bcba522a4681494555547a7a9cc,starbuck02,653000.48,500,159,5,0.4075,0.938,2026-04-13,2026-04-22,8,0.9487,-0.1607,https://polymarket.com/profile/0xea7957606f259bcba522a4681494555547a7a9cc
0x4b7410aefbf0f38012b0dfb1131a4de147a9e8d7,Gr33d,188926.28,500,165,5,0.3411,0.288,2026-03-30,2026-04-22,22,0.8896,-0.1671,https://polymarket.com/profile/0x4b7410aefbf0f38012b0dfb1131a4de147a9e8d7
0x000d257d2dc7616feaef4ae0f14600fdf50a758e,scottilicious,1669603.61,500,134,3,0.4297,0.71,2026-02-19,2026-04-21,61,0.7676,-0.1817,https://polymarket.com/profile/0x000d257d2dc7616feaef4ae0f14600fdf50a758e
0xe7387473b067235436884d16799777cf279edf65,Huludubu,345208.6,500,149,5,0.46,0.758,2026-04-08,2026-04-22,13,0.9084,-0.2062,https://polymarket.com/profile/0xe7387473b067235436884d16799777cf279edf65
