question,slug,url,volume24hr,volumeTotal,liquidity,endDate,category,outcomes
Will there be no change in Fed interest rates after the April 2026 meeting?,will-there-be-no-change-in-fed-interest-rates-after-the-april-2026-meeting,https://polymarket.com/event/will-there-be-no-change-in-fed-interest-rates-after-the-april-2026-meeting,2031617.982625999,26516746.22138003,2222908.06511,2026-04-29T00:00:00Z,Fed,Yes=0.9935 / No=0.0065
Will the Fed decrease interest rates by 25 bps after the April 2026 meeting?,will-the-fed-decrease-interest-rates-by-25-bps-after-the-april-2026-meeting,https://polymarket.com/event/will-the-fed-decrease-interest-rates-by-25-bps-after-the-april-2026-meeting,1152812.4243159997,25417775.116944004,867856.36941,2026-04-29T00:00:00Z,Fed,Yes=0.0025 / No=0.9975
Will the Fed increase interest rates by 25+ bps after the April 2026 meeting?,will-the-fed-increase-interest-rates-by-25-bps-after-the-april-2026-meeting,https://polymarket.com/event/will-the-fed-increase-interest-rates-by-25-bps-after-the-april-2026-meeting,834782.2519759997,30688782.45686024,1574543.1534,2026-04-29T00:00:00Z,Fed,Yes=0.0025 / No=0.9975
Will Kevin Warsh be confirmed as Fed Chair?,will-kevin-warsh-be-confirmed-as-fed-chair,https://polymarket.com/event/will-kevin-warsh-be-confirmed-as-fed-chair,816496.7464359994,8730419.533830885,104196.1194,2026-10-31T00:00:00Z,Fed,Yes=0.943 / No=0.057
Will the Fed decrease interest rates by 50+ bps after the April 2026 meeting?,will-the-fed-decrease-interest-rates-by-50-bps-after-the-april-2026-meeting,https://polymarket.com/event/will-the-fed-decrease-interest-rates-by-50-bps-after-the-april-2026-meeting,678227.6250000001,44861554.917000346,8919081.83994,2026-04-29T00:00:00Z,Fed,Yes=0.0015 / No=0.9985
Will Judy Shelton be confirmed as Fed Chair?,will-judy-shelton-be-confirmed-as-fed-chair,https://polymarket.com/event/will-judy-shelton-be-confirmed-as-fed-chair,193597.88187099958,14416960.608340295,298618.67188,2026-10-31T00:00:00Z,Fed,Yes=0.013 / No=0.987
Will there be no change in Fed interest rates after the June 2026 meeting?,will-there-be-no-change-in-fed-interest-rates-after-the-june-2026-meeting,https://polymarket.com/event/will-there-be-no-change-in-fed-interest-rates-after-the-june-2026-meeting,124803.38084600003,1801604.9800490087,288491.4327,2026-06-17T00:00:00Z,Fed,Yes=0.925 / No=0.075
Will the Fed decrease interest rates by 50+ bps after the June 2026 meeting?,will-the-fed-decrease-interest-rates-by-50-bps-after-the-june-2026-meeting,https://polymarket.com/event/will-the-fed-decrease-interest-rates-by-50-bps-after-the-june-2026-meeting,55184.34131499998,2672947.670533022,248049.3082,2026-06-17T00:00:00Z,Fed,Yes=0.0085 / No=0.9915
Will the Fed decrease interest rates by 25 bps after the June 2026 meeting?,will-the-fed-decrease-interest-rates-by-25-bps-after-the-june-2026-meeting,https://polymarket.com/event/will-the-fed-decrease-interest-rates-by-25-bps-after-the-june-2026-meeting,53987.31775400001,1445611.6410550014,105190.2972,2026-06-17T00:00:00Z,Fed,Yes=0.0465 / No=0.9535
Will the Fed increase interest rates by 25 bps after the June 2026 meeting?,will-the-fed-increase-interest-rates-by-25-bps-after-the-june-2026-meeting,https://polymarket.com/event/will-the-fed-increase-interest-rates-by-25-bps-after-the-june-2026-meeting,48720.284097,1888418.8008590026,191831.32278,2026-06-17T00:00:00Z,Fed,Yes=0.0185 / No=0.9815
Will the Fed increase interest rates by 50+ bps after the June 2026 meeting?,will-the-fed-increase-interest-rates-by-50-bps-after-the-june-2026-meeting,https://polymarket.com/event/will-the-fed-increase-interest-rates-by-50-bps-after-the-june-2026-meeting,36646.441731999985,1633586.7079139957,414866.9306,2026-06-17T00:00:00Z,Fed,Yes=0.0055 / No=0.9945
Will the Fed Pause–Cut–Pause in the next three decisions (Mar–Apr–Jun)?,will-the-fed-pausecutpause-in-the-next-three-decisions-maraprjun,https://polymarket.com/event/will-the-fed-pausecutpause-in-the-next-three-decisions-maraprjun,27474.768348,169218.97962600007,28742.25305,2026-06-17T00:00:00Z,Fed,Yes=0.009 / No=0.991
Will 11 Fed rate cuts happen in 2026?,will-11-fed-rate-cuts-happen-in-2026,https://polymarket.com/event/will-11-fed-rate-cuts-happen-in-2026,26592.369296999997,2245457.1877710517,202610.16919,2026-12-31T00:00:00Z,Fed,Yes=0.0035 / No=0.9965
Will 9 Fed rate cuts happen in 2026?,will-9-fed-rate-cuts-happen-in-2026,https://polymarket.com/event/will-9-fed-rate-cuts-happen-in-2026,24795.173955,1325382.1595339996,157384.51035,2026-12-31T00:00:00Z,Fed,Yes=0.0035 / No=0.9965
Will no Fed rate cuts happen in 2026?,will-no-fed-rate-cuts-happen-in-2026,https://polymarket.com/event/will-no-fed-rate-cuts-happen-in-2026,23575.228647999997,3342184.0645070155,86950.13046,2026-12-31T00:00:00Z,Fed,Yes=0.343 / No=0.657
Will 10 Fed rate cuts happen in 2026?,will-10-fed-rate-cuts-happen-in-2026,https://polymarket.com/event/will-10-fed-rate-cuts-happen-in-2026,20065.474749999994,1821987.9884030004,149059.51991,2026-12-31T00:00:00Z,Fed,Yes=0.0045 / No=0.9955
Will Scott Bessent be confirmed as Fed Chair?,will-scott-bessent-be-confirmed-as-fed-chair,https://polymarket.com/event/will-scott-bessent-be-confirmed-as-fed-chair,14447.520832999999,3511327.679138024,217140.16847,2026-10-31T00:00:00Z,Fed,Yes=0.0025 / No=0.9975
Will 5 Fed rate cuts happen in 2026?,will-5-fed-rate-cuts-happen-in-2026,https://polymarket.com/event/will-5-fed-rate-cuts-happen-in-2026,13748.441540000003,1127900.8252629961,122810.63245,2026-12-31T00:00:00Z,Fed,Yes=0.0135 / No=0.9865
Will Michelle Bowman be confirmed as Fed Chair?,will-michelle-bowman-be-confirmed-as-fed-chair,https://polymarket.com/event/will-michelle-bowman-be-confirmed-as-fed-chair,13261.782169,2512791.8082809984,122946.4921,2026-10-31T00:00:00Z,Fed,Yes=0.012 / No=0.988
Will the Fed increase interest rates by 50+ bps after the July 2026 meeting?,will-the-fed-increase-interest-rates-by-50-bps-after-the-july-2026-meeting,https://polymarket.com/event/will-the-fed-increase-interest-rates-by-50-bps-after-the-july-2026-meeting,9283.790249999998,224443.37551400022,117167.12362,2026-07-29T00:00:00Z,Fed,Yes=0.0085 / No=0.9915
Will 2 Fed rate cuts happen in 2026?,will-2-fed-rate-cuts-happen-in-2026,https://polymarket.com/event/will-2-fed-rate-cuts-happen-in-2026,8681.240117,1043565.2927839966,101511.2721,2026-12-31T00:00:00Z,Fed,Yes=0.175 / No=0.825
Will 6 Fed rate cuts happen in 2026?,will-6-fed-rate-cuts-happen-in-2026,https://polymarket.com/event/will-6-fed-rate-cuts-happen-in-2026,8057.198272,2154611.1657679933,95722.91577,2026-12-31T00:00:00Z,Fed,Yes=0.008 / No=0.992
Will the Fed decrease interest rates by 50+ bps after the July 2026 meeting?,will-the-fed-decrease-interest-rates-by-50-bps-after-the-july-2026-meeting,https://polymarket.com/event/will-the-fed-decrease-interest-rates-by-50-bps-after-the-july-2026-meeting,8011.8534119999995,189816.98772000003,71470.73754,2026-07-29T00:00:00Z,Fed,Yes=0.0335 / No=0.9665
Will 12 or more Fed rate cuts happen in 2026?,will-12-or-more-fed-rate-cuts-happen-in-2026,https://polymarket.com/event/will-12-or-more-fed-rate-cuts-happen-in-2026,7485.374230000001,1877853.531442009,67085.99218,2026-12-31T00:00:00Z,Fed,Yes=0.0105 / No=0.9895
Kevin Warsh confirmed as Fed Chair by May 15?,kevin-warsh-confirmed-as-fed-chair-by-may-15-961,https://polymarket.com/event/kevin-warsh-confirmed-as-fed-chair-by-may-15-961,6547.019665999997,221629.65707900043,24788.3976,2026-05-15T00:00:00Z,Fed,Yes=0.295 / No=0.705
Will Kevin Hassett be confirmed as Fed Chair?,will-kevin-hassett-be-confirmed-as-fed-chair,https://polymarket.com/event/will-kevin-hassett-be-confirmed-as-fed-chair,6334.902831,1391484.4844889992,123125.28314,2026-10-31T00:00:00Z,Fed,Yes=0.0025 / No=0.9975
Will there be no change in Fed interest rates after the July 2026 meeting?,will-there-be-no-change-in-fed-interest-rates-after-the-july-2026-meeting,https://polymarket.com/event/will-there-be-no-change-in-fed-interest-rates-after-the-july-2026-meeting,6319.528026,200117.9109470004,72614.9628,2026-07-29T00:00:00Z,Fed,Yes=0.815 / No=0.185
Fed Rate Hike by April 2026 Meeting?,fed-rate-hike-by-april-2026-meeting,https://polymarket.com/event/fed-rate-hike-by-april-2026-meeting,6154.369005,30962.428239000004,28173.07425,2026-12-09T00:00:00Z,Fed,Yes=0.007 / No=0.993
"Jerome Powell out as Fed Chair by May 14, 2026?",jerome-powell-out-as-fed-chair-by-may-14-2026,https://polymarket.com/event/jerome-powell-out-as-fed-chair-by-may-14-2026,6004.044994999998,1119140.9502749993,49076.7753,2026-05-14T00:00:00Z,Fed,Yes=0.019 / No=0.981
Will inflation reach more than 3.5% in 2026?,will-inflation-reach-more-than-3pt5-in-2026-154,https://polymarket.com/event/will-inflation-reach-more-than-3pt5-in-2026-154,5907.69181,131606.82339199973,31110.1394,2026-12-31T00:00:00Z,CPI,Yes=0.875 / No=0.125
Will 8 Fed rate cuts happen in 2026?,will-8-fed-rate-cuts-happen-in-2026,https://polymarket.com/event/will-8-fed-rate-cuts-happen-in-2026,5601.541999999999,1281943.5284920041,107879.88006,2026-12-31T00:00:00Z,Fed,Yes=0.0045 / No=0.9955
Will inflation reach more than 5% in 2026?,will-inflation-reach-more-than-5-in-2026-282,https://polymarket.com/event/will-inflation-reach-more-than-5-in-2026-282,4948.1497,71102.31925299995,27885.3561,2026-12-31T00:00:00Z,CPI,Yes=0.155 / No=0.845
Will Jerome Powell be confirmed as Fed Chair?,will-jerome-powell-be-confirmed-as-fed-chair,https://polymarket.com/event/will-jerome-powell-be-confirmed-as-fed-chair,4889.471954,1286986.0893729993,48435.689,2026-10-31T00:00:00Z,Fed,Yes=0.0055 / No=0.9945
Will the Fed increase interest rates by 25 bps after the July 2026 meeting?,will-the-fed-increase-interest-rates-by-25-bps-after-the-july-2026-meeting,https://polymarket.com/event/will-the-fed-increase-interest-rates-by-25-bps-after-the-july-2026-meeting,4762.878021,3041116.768254016,68546.88749,2026-07-29T00:00:00Z,Fed,Yes=0.036 / No=0.964
Will the Fed decrease interest rates by 25 bps after the July 2026 meeting?,will-the-fed-decrease-interest-rates-by-25-bps-after-the-july-2026-meeting,https://polymarket.com/event/will-the-fed-decrease-interest-rates-by-25-bps-after-the-july-2026-meeting,4458.628309000001,128595.95445899987,38936.3028,2026-07-29T00:00:00Z,Fed,Yes=0.115 / No=0.885
Will Rick Reider be confirmed as Fed Chair?,will-rick-reider-be-confirmed-as-fed-chair,https://polymarket.com/event/will-rick-reider-be-confirmed-as-fed-chair,3736.39275,927328.2042380002,38454.74823,2026-10-31T00:00:00Z,Fed,Yes=0.0045 / No=0.9955
Will 7 Fed rate cuts happen in 2026?,will-7-fed-rate-cuts-happen-in-2026,https://polymarket.com/event/will-7-fed-rate-cuts-happen-in-2026,3414.1065000000003,962725.1023159991,118313.70057,2026-12-31T00:00:00Z,Fed,Yes=0.005 / No=0.995
Fed rate cut by June 2026 meeting?,fed-rate-cut-by-june-2026-meeting,https://polymarket.com/event/fed-rate-cut-by-june-2026-meeting,2923.2914819999996,168991.88158499988,29666.2154,2026-06-17T00:00:00Z,Fed,Yes=0.09 / No=0.91
Will annual inflation increase by ≥4.1% in April?,will-annual-inflation-increase-by-4pt1-in-april,https://polymarket.com/event/will-annual-inflation-increase-by-4pt1-in-april,2771.612459,7320.555633000004,8741.0809,2026-05-12T00:00:00Z,CPI,Yes=0.029 / No=0.971
Will annual inflation increase by 3.8% in April?,will-annual-inflation-increase-by-3pt8-in-april,https://polymarket.com/event/will-annual-inflation-increase-by-3pt8-in-april,2136.523583,7959.161383000001,7329.2719,2026-05-12T00:00:00Z,CPI,Yes=0.1605 / No=0.8395
Will 4 Fed rate cuts happen in 2026?,will-4-fed-rate-cuts-happen-in-2026,https://polymarket.com/event/will-4-fed-rate-cuts-happen-in-2026,2103.8259630000002,986611.7421540009,78354.0191,2026-12-31T00:00:00Z,Fed,Yes=0.039 / No=0.961
Will US GDP growth in Q1 2026 be between 3.0% and 3.5%?,will-us-gdp-growth-in-q1-2026-be-between-3pt0-and-3pt5,https://polymarket.com/event/will-us-gdp-growth-in-q1-2026-be-between-3pt0-and-3pt5,2079.3932149999996,97458.94274200004,3858.61747,2026-04-30T00:00:00Z,GDP,Yes=0.0745 / No=0.9255
Fed rate cut by April 2026 meeting?,fed-rate-cut-by-april-2026-meeting,https://polymarket.com/event/fed-rate-cut-by-april-2026-meeting,2022.625659,437844.1276140015,49984.11811,2026-04-29T00:00:00Z,Fed,Yes=0.0055 / No=0.9945
Will inflation reach more than 4% in 2026?,will-inflation-reach-more-than-4-in-2026-669,https://polymarket.com/event/will-inflation-reach-more-than-4-in-2026-669,1874.6718079999998,136402.43106499987,16596.1993,2026-12-31T00:00:00Z,CPI,Yes=0.355 / No=0.645
Will 1 Fed rate cut happen in 2026?,will-1-fed-rate-cut-happen-in-2026,https://polymarket.com/event/will-1-fed-rate-cut-happen-in-2026,1724.9802139999993,1070683.668611004,91144.6039,2026-12-31T00:00:00Z,Fed,Yes=0.295 / No=0.705
Will Christopher Waller be confirmed as Fed Chair?,will-christopher-waller-be-confirmed-as-fed-chair,https://polymarket.com/event/will-christopher-waller-be-confirmed-as-fed-chair,1702.622333,1484298.7064080017,116191.22007,2026-10-31T00:00:00Z,Fed,Yes=0.002 / No=0.998
Kevin Warsh confirmed as Fed Chair by May 1?,kevin-warsh-confirmed-as-fed-chair-by-may-1,https://polymarket.com/event/kevin-warsh-confirmed-as-fed-chair-by-may-1,1674.311537,384454.24991800066,24349.93104,2026-05-15T00:00:00Z,Fed,Yes=0.013 / No=0.987
Will 3 Fed rate cuts happen in 2026?,will-3-fed-rate-cuts-happen-in-2026,https://polymarket.com/event/will-3-fed-rate-cuts-happen-in-2026,1646.986641,952540.2955350005,121036.7052,2026-12-31T00:00:00Z,Fed,Yes=0.075 / No=0.925
Will the Fed’s lower bound reach 3.0% or lower before 2027?,will-the-feds-lower-bound-reach-3pt0-or-lower-before-2027-676-111,https://polymarket.com/event/will-the-feds-lower-bound-reach-3pt0-or-lower-before-2027-676-111,1554.74,238859.72134899825,22174.4651,2026-12-31T00:00:00Z,Fed,Yes=0.235 / No=0.765
Kevin Warsh cuts rates at first Fed meeting?,kevin-warsh-cuts-rates-at-first-fed-meeting,https://polymarket.com/event/kevin-warsh-cuts-rates-at-first-fed-meeting,1522.296325,2983.977051,5394.3073,,Fed,Yes=0.14 / No=0.86
Will US GDP growth in Q1 2026 be less than 1.0%?,will-us-gdp-growth-in-q1-2026-be-less-than-1pt0,https://polymarket.com/event/will-us-gdp-growth-in-q1-2026-be-less-than-1pt0,1499.6549280000002,34294.32619700003,10180.3338,2026-04-30T00:00:00Z,GDP,Yes=0.051 / No=0.949
Will annual inflation increase by ≤3.1% in April?,will-annual-inflation-increase-by-3pt1-in-april,https://polymarket.com/event/will-annual-inflation-increase-by-3pt1-in-april,1444.030444,4352.437441,5084.10641,2026-05-12T00:00:00Z,CPI,Yes=0.0125 / No=0.9875
Will US GDP growth in Q1 2026 be greater than 3.5%?,will-us-gdp-growth-in-q1-2026-be-greater-than-3pt5,https://polymarket.com/event/will-us-gdp-growth-in-q1-2026-be-greater-than-3pt5,1430.48333,79829.62787099996,7748.91624,2026-04-30T00:00:00Z,GDP,Yes=0.081 / No=0.919
Will US GDP growth in Q1 2026 be between 1.0% and 1.5%?,will-us-gdp-growth-in-q1-2026-be-between-1pt0-and-1pt5,https://polymarket.com/event/will-us-gdp-growth-in-q1-2026-be-between-1pt0-and-1pt5,1395.669068,10178.500377000008,2367.85063,2026-04-30T00:00:00Z,GDP,Yes=0.1485 / No=0.8515
Fed rate hike in 2026?,fed-rate-hike-in-2026,https://polymarket.com/event/fed-rate-hike-in-2026,1305.691423,915155.5408620014,59904.9375,2026-12-09T00:00:00Z,Fed,Yes=0.125 / No=0.875
Will US GDP growth in Q1 2026 be between 2.5% and 3.0%?,will-us-gdp-growth-in-q1-2026-be-between-2pt5-and-3pt0,https://polymarket.com/event/will-us-gdp-growth-in-q1-2026-be-between-2pt5-and-3pt0,1152.0923209999999,29378.498076000003,2227.65369,2026-04-30T00:00:00Z,GDP,Yes=0.1885 / No=0.8115
Will US GDP growth in Q1 2026 be between 2.0% and 2.5%?,will-us-gdp-growth-in-q1-2026-be-between-2pt0-and-2pt5,https://polymarket.com/event/will-us-gdp-growth-in-q1-2026-be-between-2pt0-and-2pt5,1001.3942170000001,47906.30098099999,3280.51824,2026-04-30T00:00:00Z,GDP,Yes=0.2905 / No=0.7095
Will the Fed’s lower bound reach 3.25% or lower before 2027?,will-the-feds-lower-bound-reach-3pt25-or-lower-before-2027-269,https://polymarket.com/event/will-the-feds-lower-bound-reach-3pt25-or-lower-before-2027-269,924.62,57829.40642700001,9759.7464,2026-12-31T00:00:00Z,Fed,Yes=0.635 / No=0.365
Will US GDP growth in Q1 2026 be between 1.5% and 2.0%?,will-us-gdp-growth-in-q1-2026-be-between-1pt5-and-2pt0,https://polymarket.com/event/will-us-gdp-growth-in-q1-2026-be-between-1pt5-and-2pt0,865.6151209999999,32845.54796699997,2419.95096,2026-04-30T00:00:00Z,GDP,Yes=0.21 / No=0.79
Will monthly inflation increase by 0.5% in April?,will-monthly-inflation-increase-by-0pt5-in-april,https://polymarket.com/event/will-monthly-inflation-increase-by-0pt5-in-april,710.14,2038.2598219999998,3756.9128,2026-05-12T00:00:00Z,CPI,Yes=0.38 / No=0.62
Kevin Warsh Fed Chair nomination withdrawn by May 15?,kevin-warsh-fed-chair-nomination-withdrawn-by-may-15,https://polymarket.com/event/kevin-warsh-fed-chair-nomination-withdrawn-by-may-15,686.0,142418.7116950001,32432.68689,2026-05-15T00:00:00Z,Fed,Yes=0.0135 / No=0.9865
"Jerome Powell out as Fed Chair by May 31, 2026?",jerome-powell-out-as-fed-chair-by-may-31-2026,https://polymarket.com/event/jerome-powell-out-as-fed-chair-by-may-31-2026,679.7195380000003,6984.011819999998,3787.9362,2026-05-14T00:00:00Z,Fed,Yes=0.57 / No=0.43
Will monthly inflation increase by 0.4% in April?,will-monthly-inflation-increase-by-0pt4-in-april,https://polymarket.com/event/will-monthly-inflation-increase-by-0pt4-in-april,600.560302,1932.1173560000004,3420.662,2026-05-12T00:00:00Z,CPI,Yes=0.25 / No=0.75
Will annual inflation increase by 4.0% in April?,will-annual-inflation-increase-by-4pt0-in-april,https://polymarket.com/event/will-annual-inflation-increase-by-4pt0-in-april,583.578047,2634.4656059999993,7249.21439,2026-05-12T00:00:00Z,CPI,Yes=0.031 / No=0.969
Will Kevin Warsh be confirmed as Fed Chair and will rates stay above 2.5% in 2026?,will-kevin-warsh-be-confirmed-as-fed-chair-and-will-rates-stay-above-2pt5-in-2026-958,https://polymarket.com/event/will-kevin-warsh-be-confirmed-as-fed-chair-and-will-rates-stay-above-2pt5-in-2026-958,544.455,7213.670508000001,2083.8275,2026-12-31T00:00:00Z,Fed,Yes=0.795 / No=0.205
Will the Fed Pause–Pause–Pause in the next three decisions (Jan–Mar–Apr)?,will-the-fed-pausepausepause-in-the-next-three-decisions-janmarapr,https://polymarket.com/event/will-the-fed-pausepausepause-in-the-next-three-decisions-janmarapr,512.967189,101145.26152499988,62104.01763,2026-04-29T00:00:00Z,Fed,Yes=0.9925 / No=0.0075
Will the April 2026 unemployment rate be 4.0%?,will-the-april-2026-unemployment-rate-be-4pt0,https://polymarket.com/event/will-the-april-2026-unemployment-rate-be-4pt0,494.566077,2084.7379570000007,3567.97747,2026-05-08T00:00:00Z,Labor,Yes=0.0295 / No=0.9705
Will no one dissent the April Fed decision?,will-no-one-dissent-the-april-fed-decision,https://polymarket.com/event/will-no-one-dissent-the-april-fed-decision,430.2618439999999,6385.548917,4183.81815,2026-04-29T00:00:00Z,Fed,Yes=0.0255 / No=0.9745
Will annual inflation increase by 3.3% in April?,will-annual-inflation-increase-by-3pt3-in-april,https://polymarket.com/event/will-annual-inflation-increase-by-3pt3-in-april,401.35417299999995,1506.0977260000004,3750.51799,2026-05-12T00:00:00Z,CPI,Yes=0.0535 / No=0.9465
Will Jerome Powell depart as Fed Chair by May 31 2026?,will-jerome-powell-depart-as-fed-chair-by-may-31-2026,https://polymarket.com/event/will-jerome-powell-depart-as-fed-chair-by-may-31-2026,400.82,1963.9678889999998,1713.3211,2026-06-30T00:00:00Z,Fed,Yes=0.8 / No=0.2
Fed Rate Hike by June 2026 Meeting?,fed-rate-hike-by-june-2026-meeting,https://polymarket.com/event/fed-rate-hike-by-june-2026-meeting,369.756447,9594.848127000001,35401.69874,2026-12-09T00:00:00Z,Fed,Yes=0.036 / No=0.964
Will annual inflation increase by 3.4% in April?,will-annual-inflation-increase-by-3pt4-in-april,https://polymarket.com/event/will-annual-inflation-increase-by-3pt4-in-april,344.13854299999997,1937.6009949999996,6898.20642,2026-05-12T00:00:00Z,CPI,Yes=0.064 / No=0.936
Will annual inflation increase by 3.5% in April?,will-annual-inflation-increase-by-3pt5-in-april,https://polymarket.com/event/will-annual-inflation-increase-by-3pt5-in-april,340.565896,1839.9817240000002,4174.4155,2026-05-12T00:00:00Z,CPI,Yes=0.177 / No=0.823
Will annual inflation increase by 3.2% in April?,will-annual-inflation-increase-by-3pt2-in-april,https://polymarket.com/event/will-annual-inflation-increase-by-3pt2-in-april,318.448357,1318.9238790000002,4613.14479,2026-05-12T00:00:00Z,CPI,Yes=0.0165 / No=0.9835
Will the Bank of Israel make no change to the Bank of Israel Interest Rate after the May decision?,will-the-bank-of-israel-make-no-change-to-the-bank-of-israel-interest-rate-after-the-may-decision,https://polymarket.com/event/will-the-bank-of-israel-make-no-change-to-the-bank-of-israel-interest-rate-after-the-may-decision,304.962288,12669.666486000002,1189.8157,2026-05-25T00:00:00Z,Fed,Yes=0.25 / No=0.75
Will monthly inflation increase by 0.3% or less in April?,will-monthly-inflation-increase-by-0pt3-or-less-in-april,https://polymarket.com/event/will-monthly-inflation-increase-by-0pt3-or-less-in-april,299.72999999999996,2193.293216,2153.31415,2026-05-12T00:00:00Z,CPI,Yes=0.1005 / No=0.8995
Will the April 2026 unemployment rate be ≤3.9%?,will-the-april-2026-unemployment-rate-be-3pt9,https://polymarket.com/event/will-the-april-2026-unemployment-rate-be-3pt9,295.04,2231.234193,1291.06136,2026-05-08T00:00:00Z,Labor,Yes=0.0315 / No=0.9685
Will the Bank of Israel increase the Bank of Israel Interest Rate after the May decision?,will-the-bank-of-israel-increase-the-bank-of-israel-interest-rate-after-the-may-decision,https://polymarket.com/event/will-the-bank-of-israel-increase-the-bank-of-israel-interest-rate-after-the-may-decision,282.165153,2927.1065449999996,3118.22297,2026-05-25T00:00:00Z,Fed,Yes=0.028 / No=0.972
Will the April 2026 unemployment rate be 4.2%?,will-the-april-2026-unemployment-rate-be-4pt2,https://polymarket.com/event/will-the-april-2026-unemployment-rate-be-4pt2,281.205905,1962.8921249999999,2181.6643,2026-05-08T00:00:00Z,Labor,Yes=0.185 / No=0.815
Will the Fed Pause–Cut–Cut in the next three decisions (Mar–Apr–Jun)?,will-the-fed-pausecutcut-in-the-next-three-decisions-maraprjun,https://polymarket.com/event/will-the-fed-pausecutcut-in-the-next-three-decisions-maraprjun,272.670681,512097.6725779999,32032.18912,2026-06-17T00:00:00Z,Fed,Yes=0.004 / No=0.996
Will Jerome Powell depart as Fed Chair between May 15 and May 22?,will-jerome-powell-depart-as-fed-chair-between-may-15-and-may-22,https://polymarket.com/event/will-jerome-powell-depart-as-fed-chair-between-may-15-and-may-22,268.75,11540.346209000001,7620.0412,2026-07-03T00:00:00Z,Fed,Yes=0.49 / No=0.51
Will annual inflation increase by 3.6% in April?,will-annual-inflation-increase-by-3pt6-in-april,https://polymarket.com/event/will-annual-inflation-increase-by-3pt6-in-april,257.58073499999995,5319.649870999999,4460.3222,2026-05-12T00:00:00Z,CPI,Yes=0.3 / No=0.7
Will the Fed decide differently in the next three decisions (Mar–Apr–Jun)?,will-the-fed-decide-differently-in-the-next-three-decisions-maraprjun,https://polymarket.com/event/will-the-fed-decide-differently-in-the-next-three-decisions-maraprjun,248.546665,218364.3782769999,9260.07243,2026-06-17T00:00:00Z,Fed,Yes=0.0125 / No=0.9875
Will annual inflation increase by 3.9% in April?,will-annual-inflation-increase-by-3pt9-in-april,https://polymarket.com/event/will-annual-inflation-increase-by-3pt9-in-april,236.570539,7704.785993000002,5652.66517,2026-05-12T00:00:00Z,CPI,Yes=0.039 / No=0.961
Will annual inflation increase by 3.7% in April?,will-annual-inflation-increase-by-3pt7-in-april,https://polymarket.com/event/will-annual-inflation-increase-by-3pt7-in-april,235.22139099999998,1593.5927780000004,5877.97517,2026-05-12T00:00:00Z,CPI,Yes=0.1915 / No=0.8085
Will the April 2026 unemployment rate be 4.1%?,will-the-april-2026-unemployment-rate-be-4pt1,https://polymarket.com/event/will-the-april-2026-unemployment-rate-be-4pt1,224.989809,1531.2914589999998,4000.33452,2026-05-08T00:00:00Z,Labor,Yes=0.0545 / No=0.9455
Will the Bank of Israel decrease the Bank of Israel Interest Rate after the May decision?,will-the-bank-of-israel-decrease-the-bank-of-israel-interest-rate-after-the-may-decision,https://polymarket.com/event/will-the-bank-of-israel-decrease-the-bank-of-israel-interest-rate-after-the-may-decision,190.83,4212.200767000001,2952.2929,2026-05-25T00:00:00Z,Fed,Yes=0.725 / No=0.275
Will one person dissent the April Fed decision?,will-one-person-dissent-the-april-fed-decision,https://polymarket.com/event/will-one-person-dissent-the-april-fed-decision,171.563609,16629.026132,2363.7498,2026-04-29T00:00:00Z,Fed,Yes=0.72 / No=0.28
Will the Fed decide differently in the next three decisions (Jan–Mar–Apr)?,will-the-fed-decide-differently-in-the-next-three-decisions-janmarapr,https://polymarket.com/event/will-the-fed-decide-differently-in-the-next-three-decisions-janmarapr,163.815459,278504.44099999993,39235.62606,2026-04-29T00:00:00Z,Fed,Yes=0.0035 / No=0.9965
Will the April 2026 unemployment rate be 4.4%?,will-the-april-2026-unemployment-rate-be-4pt4,https://polymarket.com/event/will-the-april-2026-unemployment-rate-be-4pt4,146.26000000000002,5525.739905999999,2171.5745,2026-05-08T00:00:00Z,Labor,Yes=0.205 / No=0.795
Kevin Warsh confirmed as Fed Chair by June 30?,kevin-warsh-confirmed-as-fed-chair-by-june-30,https://polymarket.com/event/kevin-warsh-confirmed-as-fed-chair-by-june-30,141.93520800000002,181.63891,3068.3743,2026-06-30T00:00:00Z,Fed,Yes=0.91 / No=0.09
Will three people dissent the April Fed decision?,will-three-people-dissent-the-april-fed-decision,https://polymarket.com/event/will-three-people-dissent-the-april-fed-decision,138.24524,3236.9349469999997,3647.1319,2026-04-29T00:00:00Z,Fed,Yes=0.055 / No=0.945
Will US unemployment reach at least 5.0% in 2026?,will-us-unemployment-reach-at-least-5pt0-in-2026,https://polymarket.com/event/will-us-unemployment-reach-at-least-5pt0-in-2026,136.41,91705.05285400008,13884.2548,2026-01-10T00:00:00Z,Labor,Yes=0.435 / No=0.565
Will US unemployment reach at least 5.5% in 2026?,will-us-unemployment-reach-at-least-5pt5-in-2026,https://polymarket.com/event/will-us-unemployment-reach-at-least-5pt5-in-2026,128.583869,180734.7771069998,5722.0325,2026-01-10T00:00:00Z,Labor,Yes=0.29 / No=0.71
Will Stephen Miran be confirmed as Fed Chair?,will-stephen-miran-be-confirmed-as-fed-chair,https://polymarket.com/event/will-stephen-miran-be-confirmed-as-fed-chair,128.256,1030930.4807709999,48442.32494,2026-10-31T00:00:00Z,Fed,Yes=0.009 / No=0.991
Will the Fed Pause–Pause–Cut in the next three decisions (Jan–Mar–Apr)?,will-the-fed-pausepausecut-in-the-next-three-decisions-janmarapr,https://polymarket.com/event/will-the-fed-pausepausecut-in-the-next-three-decisions-janmarapr,106.257,240175.43682800003,36206.40644,2026-04-29T00:00:00Z,Fed,Yes=0.0045 / No=0.9955
Will four or more people dissent the April Fed decision?,will-four-or-more-people-dissent-the-april-fed-decision,https://polymarket.com/event/will-four-or-more-people-dissent-the-april-fed-decision,104.64,19217.124935999997,10566.35444,2026-04-29T00:00:00Z,Fed,Yes=0.004 / No=0.996
Fed rate cut by December 2026 meeting?,fed-rate-cut-by-december-2026-meeting,https://polymarket.com/event/fed-rate-cut-by-december-2026-meeting,102.777776,66728.37155600006,41762.1562,2026-06-17T00:00:00Z,Fed,Yes=0.665 / No=0.335
Will the Fed Pause–Pause–Cut in the next three decisions (Mar–Apr–Jun)?,will-the-fed-pausepausecut-in-the-next-three-decisions-maraprjun,https://polymarket.com/event/will-the-fed-pausepausecut-in-the-next-three-decisions-maraprjun,102.58250000000001,16628.096351999997,14214.4523,2026-06-17T00:00:00Z,Fed,Yes=0.07 / No=0.93
Will monthly inflation increase by 0.7% in April?,will-monthly-inflation-increase-by-0pt7-in-april,https://polymarket.com/event/will-monthly-inflation-increase-by-0pt7-in-april,102.11,1032.0198619999999,3625.6744,2026-05-12T00:00:00Z,CPI,Yes=0.07 / No=0.93
Will the Fed Pause–Pause–Pause in the next three decisions (Mar–Apr–Jun)?,will-the-fed-pausepausepause-in-the-next-three-decisions-maraprjun,https://polymarket.com/event/will-the-fed-pausepausepause-in-the-next-three-decisions-maraprjun,100.505339,35196.354946,18023.4131,2026-06-17T00:00:00Z,Fed,Yes=0.92 / No=0.08
Will Rick Rieder be confirmed as Fed Chair and will rates stay above 2.5% in 2026?,will-rick-rieder-be-confirmed-as-fed-chair-and-will-rates-stay-above-2pt5-in-2026-941,https://polymarket.com/event/will-rick-rieder-be-confirmed-as-fed-chair-and-will-rates-stay-above-2pt5-in-2026-941,90.0,22991.250649999994,10060.9948,2026-12-31T00:00:00Z,Fed,Yes=0.0565 / No=0.9435
Will monthly inflation increase by ≥1.1% in April?,will-monthly-inflation-increase-by-1pt1-in-april,https://polymarket.com/event/will-monthly-inflation-increase-by-1pt1-in-april,89.835,785.619547,2551.35013,2026-05-12T00:00:00Z,CPI,Yes=0.005 / No=0.995
Will monthly inflation increase by 1.0% in April?,will-monthly-inflation-increase-by-1pt0-in-april,https://polymarket.com/event/will-monthly-inflation-increase-by-1pt0-in-april,89.83,1216.1316649999999,5691.46801,2026-05-12T00:00:00Z,CPI,Yes=0.0095 / No=0.9905
Will monthly inflation increase by 0.6% in April?,will-monthly-inflation-increase-by-0pt6-in-april,https://polymarket.com/event/will-monthly-inflation-increase-by-0pt6-in-april,89.83,656.250085,3324.8403,2026-05-12T00:00:00Z,CPI,Yes=0.15 / No=0.85
Will monthly inflation increase by 0.8% in April?,will-monthly-inflation-increase-by-0pt8-in-april,https://polymarket.com/event/will-monthly-inflation-increase-by-0pt8-in-april,89.83,897.383187,5414.86314,2026-05-12T00:00:00Z,CPI,Yes=0.021 / No=0.979
Will monthly inflation increase by 0.9% in April?,will-monthly-inflation-increase-by-0pt9-in-april,https://polymarket.com/event/will-monthly-inflation-increase-by-0pt9-in-april,89.83,804.8038860000001,5618.26108,2026-05-12T00:00:00Z,CPI,Yes=0.021 / No=0.979
"Will Powell say ""Tariff inflation"" during April press conference?",will-powell-say-tariff-inflation-during-april-press-conference,https://polymarket.com/event/will-powell-say-tariff-inflation-during-april-press-conference,86.765208,993.072137,1637.1158,2026-04-29T00:00:00Z,CPI,Yes=0.625 / No=0.375
Will the US confirm that aliens exist before Kevin Warsh is confirmed as Fed Chair?,will-the-us-confirm-that-aliens-exist-before-kevin-warsh-is-confirmed-as-fed-chair,https://polymarket.com/event/will-the-us-confirm-that-aliens-exist-before-kevin-warsh-is-confirmed-as-fed-chair,62.2,57497.889737999976,13586.16297,2026-10-31T00:00:00Z,Fed,Yes=0.0425 / No=0.9575
Will US GDP growth in 2026 be between 2.0% and 2.5%?,will-us-gdp-growth-in-2026-be-between-2pt0-and-2pt5,https://polymarket.com/event/will-us-gdp-growth-in-2026-be-between-2pt0-and-2pt5,60.0,1398.4840609999997,1945.5142,2027-01-29T00:00:00Z,GDP,Yes=0.105 / No=0.895
Will US GDP growth in 2026 be between 0.5% and 1.0%?,will-us-gdp-growth-in-2026-be-between-0pt5-and-1pt0,https://polymarket.com/event/will-us-gdp-growth-in-2026-be-between-0pt5-and-1pt0,55.788276999999994,15107.910350999997,1873.41841,2027-01-29T00:00:00Z,GDP,Yes=0.044 / No=0.956
Will trump try to fire Powell as Fed Chair before he leaves?,trump-tries-to-fire-powell-as-fed-chair-before-he-leaves,https://polymarket.com/event/trump-tries-to-fire-powell-as-fed-chair-before-he-leaves,55.555554,55642.814838,15927.0102,2026-06-30T00:00:00Z,Fed,Yes=0.085 / No=0.915
Will the April 2026 unemployment rate be 4.5%?,will-the-april-2026-unemployment-rate-be-4pt5,https://polymarket.com/event/will-the-april-2026-unemployment-rate-be-4pt5,55.46111,1016.6476559999998,2140.0723,2026-05-08T00:00:00Z,Labor,Yes=0.11 / No=0.89
"Will Powell say ""Inflation"" 40+ times during April press conference?",will-powell-say-inflation-40-times-during-april-press-conference,https://polymarket.com/event/will-powell-say-inflation-40-times-during-april-press-conference,54.08247000000001,21080.175879999995,2297.6651,2026-04-29T00:00:00Z,CPI,Yes=0.73 / No=0.27
Jerome Powell out from Fed Board by May 30?,jerome-powell-out-from-fed-board-by-may-30,https://polymarket.com/event/jerome-powell-out-from-fed-board-by-may-30,46.53418499999999,84086.0199190001,15531.6582,2026-12-31T00:00:00Z,Fed,Yes=0.28 / No=0.72
"Will Powell say ""Inflation"" 50+ times during April press conference?",will-powell-say-inflation-50-times-during-april-press-conference,https://polymarket.com/event/will-powell-say-inflation-50-times-during-april-press-conference,41.886791,4746.468425999997,2231.7785,2026-04-29T00:00:00Z,CPI,Yes=0.52 / No=0.48
Will the Fed Pause–Cut–Cut in the next three decisions (Apr–Jun–Jul)?,will-the-fed-pausecutcut-in-the-next-three-decisions-aprjunjul,https://polymarket.com/event/will-the-fed-pausecutcut-in-the-next-three-decisions-aprjunjul,40.88,795.9521539999998,24252.23418,2026-07-29T00:00:00Z,Fed,Yes=0.0315 / No=0.9685
Will US GDP growth in 2026 be greater than 2.5%?,will-us-gdp-growth-in-2026-be-greater-than-2pt5,https://polymarket.com/event/will-us-gdp-growth-in-2026-be-greater-than-2pt5,40.06,3961.0522919999994,744.5688,2027-01-29T00:00:00Z,GDP,Yes=0.46 / No=0.54
Will Kevin Hassett be confirmed as Fed Chair and will rates hit 2.5% or lower in 2026?,will-kevin-hassett-be-confirmed-as-fed-chair-and-will-rates-hit-2pt5-or-lower-in-2026-749,https://polymarket.com/event/will-kevin-hassett-be-confirmed-as-fed-chair-and-will-rates-hit-2pt5-or-lower-in-2026-749,40.0,11806.973285,4016.19994,2026-12-31T00:00:00Z,Fed,Yes=0.007 / No=0.993
Will US GDP growth in 2026 be between 1.5% and 2.0%?,will-us-gdp-growth-in-2026-be-between-1pt5-and-2pt0,https://polymarket.com/event/will-us-gdp-growth-in-2026-be-between-1pt5-and-2pt0,40.0,1317.253277,925.36308,2027-01-29T00:00:00Z,GDP,Yes=0.112 / No=0.888
Will Kevin Warsh be confirmed as Fed Chair and will rates hit 2.5% or lower in 2026?,will-kevin-warsh-be-confirmed-as-fed-chair-and-will-rates-hit-2pt5-or-lower-in-2026-447,https://polymarket.com/event/will-kevin-warsh-be-confirmed-as-fed-chair-and-will-rates-hit-2pt5-or-lower-in-2026-447,40.0,5557.320297999997,2586.6488,2026-12-31T00:00:00Z,Fed,Yes=0.115 / No=0.885
Will Christopher Waller be confirmed as Fed Chair and will rates hit 2.5% or lower in 2026?,will-christopher-waller-be-confirmed-as-fed-chair-and-will-rates-hit-2pt5-or-lower-in-2026-891,https://polymarket.com/event/will-christopher-waller-be-confirmed-as-fed-chair-and-will-rates-hit-2pt5-or-lower-in-2026-891,40.0,6199.436000000001,4788.34472,2026-12-31T00:00:00Z,Fed,Yes=0.0055 / No=0.9945
Will Kevin Hassett be confirmed as Fed Chair and will rates stay above 2.5% in 2026?,will-kevin-hassett-be-confirmed-as-fed-chair-and-will-rates-stay-above-2pt5-in-2026-923,https://polymarket.com/event/will-kevin-hassett-be-confirmed-as-fed-chair-and-will-rates-stay-above-2pt5-in-2026-923,40.0,7301.323933000001,5076.67684,2026-12-31T00:00:00Z,Fed,Yes=0.0035 / No=0.9965
Will Rick Rieder be confirmed as Fed Chair and will rates hit 2.5% or lower in 2026?,will-rick-rieder-be-confirmed-as-fed-chair-and-will-rates-hit-2pt5-or-lower-in-2026-372,https://polymarket.com/event/will-rick-rieder-be-confirmed-as-fed-chair-and-will-rates-hit-2pt5-or-lower-in-2026-372,40.0,24812.398190999997,7542.02948,2026-12-31T00:00:00Z,Fed,Yes=0.0115 / No=0.9885
Will Christopher Waller be confirmed as Fed Chair and will rates stay above 2.5% in 2026?,will-christopher-waller-be-confirmed-as-fed-chair-and-will-rates-stay-above-2pt5-in-2026-719,https://polymarket.com/event/will-christopher-waller-be-confirmed-as-fed-chair-and-will-rates-stay-above-2pt5-in-2026-719,40.0,7692.459933,11010.02383,2026-12-31T00:00:00Z,Fed,Yes=0.006 / No=0.994
Will something else than the listed options occur in respect to Fed Chair confirmation and rates?,will-something-else-than-the-listed-options-occur-in-respect-to-fed-chair-confirmation-and-rates-786,https://polymarket.com/event/will-something-else-than-the-listed-options-occur-in-respect-to-fed-chair-confirmation-and-rates-786,40.0,15294.294726000004,4108.34627,2026-12-31T00:00:00Z,Fed,Yes=0.032 / No=0.968
Will the Fed’s upper bound reach 5.0% or higher before 2027?,will-the-feds-upper-bound-reach-5pt0-or-higher-before-2027-783,https://polymarket.com/event/will-the-feds-upper-bound-reach-5pt0-or-higher-before-2027-783,40.0,12075.268187000063,9914.32911,2026-12-31T00:00:00Z,Fed,Yes=0.046 / No=0.954
Will US GDP growth in 2026 be between 1.0% and 1.5%?,will-us-gdp-growth-in-2026-be-between-1pt0-and-1pt5,https://polymarket.com/event/will-us-gdp-growth-in-2026-be-between-1pt0-and-1pt5,40.0,1500.1713040000002,2035.86687,2027-01-29T00:00:00Z,GDP,Yes=0.079 / No=0.921
Will two people dissent the April Fed decision?,will-two-people-dissent-the-april-fed-decision,https://polymarket.com/event/will-two-people-dissent-the-april-fed-decision,39.129999999999995,9297.497071999998,3231.5257,2026-04-29T00:00:00Z,Fed,Yes=0.14 / No=0.86
Will Jerome Powell depart as Fed Chair by June 30 2026?,will-jerome-powell-depart-as-fed-chair-by-june-30-2026,https://polymarket.com/event/will-jerome-powell-depart-as-fed-chair-by-june-30-2026,37.142856,6119.653792,3697.3236,2026-06-30T00:00:00Z,Fed,Yes=0.865 / No=0.135
"Will Powell say ""Inflation"" 60+ times during April press conference?",will-powell-say-inflation-60-times-during-april-press-conference,https://polymarket.com/event/will-powell-say-inflation-60-times-during-april-press-conference,36.157819,8834.558995000001,1861.4603,2026-04-29T00:00:00Z,CPI,Yes=0.235 / No=0.765
Will the Fed’s lower bound reach 2.75% or lower before 2027?,will-the-feds-lower-bound-reach-2pt75-or-lower-before-2027-448-727-854,https://polymarket.com/event/will-the-feds-lower-bound-reach-2pt75-or-lower-before-2027-448-727-854,32.74,268616.0978469995,18554.5117,2026-12-31T00:00:00Z,Fed,Yes=0.155 / No=0.845
Jerome Powell out from Fed Board by December 31?,jerome-powell-out-from-fed-board-by-december-31,https://polymarket.com/event/jerome-powell-out-from-fed-board-by-december-31,29.37,61643.553484999975,8627.0066,2026-12-31T00:00:00Z,Fed,Yes=0.71 / No=0.29
Negative GDP growth in 2026?,negative-gdp-growth-in-2026,https://polymarket.com/event/negative-gdp-growth-in-2026,26.0,21535.937266999987,11543.36452,2027-01-29T00:00:00Z,GDP,Yes=0.072 / No=0.928
Fed rate cut by July 2026 meeting?,fed-rate-cut-by-july-2026-meeting-577,https://polymarket.com/event/fed-rate-cut-by-july-2026-meeting-577,24.998459,37891.235457999996,24248.5882,2026-06-17T00:00:00Z,Fed,Yes=0.205 / No=0.795
Will inflation reach more than 6% in 2026?,will-inflation-reach-more-than-6-in-2026-978,https://polymarket.com/event/will-inflation-reach-more-than-6-in-2026-978,22.22,29047.10094300001,27193.6631,2026-12-31T00:00:00Z,CPI,Yes=0.135 / No=0.865
Will the Fed’s upper bound reach 4.5% or higher before 2027?,will-the-feds-upper-bound-reach-4pt5-or-higher-before-2027-835-459,https://polymarket.com/event/will-the-feds-upper-bound-reach-4pt5-or-higher-before-2027-835-459,21.0,13891.268634000004,9014.96892,2026-12-31T00:00:00Z,Fed,Yes=0.0545 / No=0.9455
Will 60 or more of senators vote “Yea” for Trump’s Fed Chair nominee?,will-60-or-more-of-senators-vote-yea-for-trumps-fed-chair-nominee-551,https://polymarket.com/event/will-60-or-more-of-senators-vote-yea-for-trumps-fed-chair-nominee-551,20.74,40806.79884000001,347.1284,2026-12-31T00:00:00Z,Fed,Yes=0.095 / No=0.905
Will the Fed’s lower bound reach 2.5% or lower before 2027?,will-the-feds-lower-bound-reach-2pt5-or-lower-before-2027-289-849-151-768,https://polymarket.com/event/will-the-feds-lower-bound-reach-2pt5-or-lower-before-2027-289-849-151-768,20.0,180532.72972500004,17293.3385,2026-12-31T00:00:00Z,Fed,Yes=0.105 / No=0.895
Will US GDP growth in 2026 be less than 0.5%?,will-us-gdp-growth-in-2026-be-less-than-0pt5,https://polymarket.com/event/will-us-gdp-growth-in-2026-be-less-than-0pt5,20.0,3772.277455999999,1914.54474,2027-01-29T00:00:00Z,GDP,Yes=0.074 / No=0.926
Will the Fed Pause–Cut–Pause in the next three decisions (Apr–Jun–Jul)?,will-the-fed-pausecutpause-in-the-next-three-decisions-aprjunjul,https://polymarket.com/event/will-the-fed-pausecutpause-in-the-next-three-decisions-aprjunjul,19.9,623.958017,14110.7403,2026-07-29T00:00:00Z,Fed,Yes=0.0295 / No=0.9705
Will the Fed’s upper bound reach 4.25% or higher before 2027?,will-the-feds-upper-bound-reach-4pt25-or-higher-before-2027,https://polymarket.com/event/will-the-feds-upper-bound-reach-4pt25-or-higher-before-2027,12.0,22855.538400999994,3171.36697,2026-12-31T00:00:00Z,Fed,Yes=0.0865 / No=0.9135
Will Jerome Powell depart as Fed Chair after July 3?,will-jerome-powell-depart-as-fed-chair-after-july-3,https://polymarket.com/event/will-jerome-powell-depart-as-fed-chair-after-july-3,10.0,778.6204949999999,7503.57539,2026-07-03T00:00:00Z,Fed,Yes=0.0335 / No=0.9665
Will the Fed Cut–Pause–Pause in the next three decisions (Apr–Jun–Jul)?,will-the-fed-cutpausepause-in-the-next-three-decisions-aprjunjul,https://polymarket.com/event/will-the-fed-cutpausepause-in-the-next-three-decisions-aprjunjul,9.87,1002.746518,25949.22254,2026-07-29T00:00:00Z,Fed,Yes=0.006 / No=0.994
Will the Fed Cut–Pause–Cut in the next three decisions (Apr–Jun–Jul)?,will-the-fed-cutpausecut-in-the-next-three-decisions-aprjunjul,https://polymarket.com/event/will-the-fed-cutpausecut-in-the-next-three-decisions-aprjunjul,9.87,736.5046139999998,15582.37938,2026-07-29T00:00:00Z,Fed,Yes=0.0345 / No=0.9655
Will the Fed Cut–Cut–Pause in the next three decisions (Apr–Jun–Jul)?,will-the-fed-cutcutpause-in-the-next-three-decisions-aprjunjul,https://polymarket.com/event/will-the-fed-cutcutpause-in-the-next-three-decisions-aprjunjul,9.87,739.8390999999999,15188.28533,2026-07-29T00:00:00Z,Fed,Yes=0.0025 / No=0.9975
Will the Fed Cut–Cut–Cut in the next three decisions (Apr–Jun–Jul)?,will-the-fed-cutcutcut-in-the-next-three-decisions-aprjunjul,https://polymarket.com/event/will-the-fed-cutcutcut-in-the-next-three-decisions-aprjunjul,9.87,765.5287339999999,14193.11633,2026-07-29T00:00:00Z,Fed,Yes=0.0035 / No=0.9965
Will the Fed Pause–Pause–Pause in the next three decisions (Apr–Jun–Jul)?,will-the-fed-pausepausepause-in-the-next-three-decisions-aprjunjul,https://polymarket.com/event/will-the-fed-pausepausepause-in-the-next-three-decisions-aprjunjul,9.87,1410.6225180000001,8380.8087,2026-07-29T00:00:00Z,Fed,Yes=0.785 / No=0.215
Will the Fed Pause–Pause–Cut in the next three decisions (Apr–Jun–Jul)?,will-the-fed-pausepausecut-in-the-next-three-decisions-aprjunjul,https://polymarket.com/event/will-the-fed-pausepausecut-in-the-next-three-decisions-aprjunjul,9.87,954.1040969999999,7570.3572,2026-07-29T00:00:00Z,Fed,Yes=0.115 / No=0.885
Will the Fed decide differently in the next three decisions (Apr–Jun–Jul)?,will-the-fed-decide-differently-in-the-next-three-decisions-aprjunjul,https://polymarket.com/event/will-the-fed-decide-differently-in-the-next-three-decisions-aprjunjul,9.87,915.4059509999996,5453.4951,2026-07-29T00:00:00Z,Fed,Yes=0.085 / No=0.915
Fed emergency rate cut before 2027?,fed-emergency-rate-cut-before-2027,https://polymarket.com/event/fed-emergency-rate-cut-before-2027,7.142856,102559.59118000002,18696.4525,2026-12-31T00:00:00Z,Fed,Yes=0.13 / No=0.87
Will Jerome Powell depart as Fed Chair between May 30 and June 5?,will-jerome-powell-depart-as-fed-chair-between-may-30-and-june-5,https://polymarket.com/event/will-jerome-powell-depart-as-fed-chair-between-may-30-and-june-5,6.08,1021.1495390000001,5587.458,2026-07-03T00:00:00Z,Fed,Yes=0.115 / No=0.885
"Will Powell say ""Goods inflation"" during April press conference?",will-powell-say-goods-inflation-during-april-press-conference,https://polymarket.com/event/will-powell-say-goods-inflation-during-april-press-conference,4.1473,2921.8526260000003,1565.277,2026-04-29T00:00:00Z,CPI,Yes=0.63 / No=0.37
Will the April 2026 unemployment rate be 4.3%?,will-the-april-2026-unemployment-rate-be-4pt3,https://polymarket.com/event/will-the-april-2026-unemployment-rate-be-4pt3,3.287056,1973.4383920000002,2165.4868,2026-05-08T00:00:00Z,Labor,Yes=0.33 / No=0.67
Will the Fed’s upper bound reach 5.5% or higher before 2027?,will-the-feds-upper-bound-reach-5pt5-or-higher-before-2027-767,https://polymarket.com/event/will-the-feds-upper-bound-reach-5pt5-or-higher-before-2027-767,3.08,44030.74094300001,9901.10194,2026-12-31T00:00:00Z,Fed,Yes=0.0505 / No=0.9495
Will Jerome Powell depart as Fed Chair before May 15?,will-jerome-powell-depart-as-fed-chair-before-may-15,https://polymarket.com/event/will-jerome-powell-depart-as-fed-chair-before-may-15,0.68,5013.141198000001,10334.87639,2026-07-03T00:00:00Z,Fed,Yes=0.026 / No=0.974
Will inflation reach more than 8% in 2026?,will-inflation-reach-more-than-8-in-2026-897,https://polymarket.com/event/will-inflation-reach-more-than-8-in-2026-897,0.0,34159.650962,31658.03911,2026-12-31T00:00:00Z,CPI,Yes=0.073 / No=0.927
Will 53 senators vote “Yea” for Trump’s Fed Chair nominee?,will-53-senators-vote-yea-for-trumps-fed-chair-nominee-968,https://polymarket.com/event/will-53-senators-vote-yea-for-trumps-fed-chair-nominee-968,0.0,220.959258,457.9085,2026-12-31T00:00:00Z,Fed,Yes=0.09 / No=0.91
Will US unemployment reach at least 10.0% in 2026?,will-us-unemployment-reach-at-least-10pt0-in-2026,https://polymarket.com/event/will-us-unemployment-reach-at-least-10pt0-in-2026,0.0,23047.327632999986,2875.33922,2026-01-10T00:00:00Z,Labor,Yes=0.052 / No=0.948
Will the Fed’s lower bound reach 1.5% or lower before 2027?,will-the-feds-lower-bound-reach-1pt5-or-lower-before-2027-323-587-832-877-443,https://polymarket.com/event/will-the-feds-lower-bound-reach-1pt5-or-lower-before-2027-323-587-832-877-443,0.0,24930.184143,9053.9142,2026-12-31T00:00:00Z,Fed,Yes=0.07 / No=0.93
Will 49 or fewer senators vote “Yea” for Trump’s Fed Chair nominee?,will-49-or-fewer-senators-vote-yea-for-trumps-fed-chair-nominee-133,https://polymarket.com/event/will-49-or-fewer-senators-vote-yea-for-trumps-fed-chair-nominee-133,0.0,21051.504168,416.59351,2026-12-31T00:00:00Z,Fed,Yes=0.217 / No=0.783
Will 50 senators vote “Yea” for Trump’s Fed Chair nominee?,will-50-senators-vote-yea-for-trumps-fed-chair-nominee-927,https://polymarket.com/event/will-50-senators-vote-yea-for-trumps-fed-chair-nominee-927,0.0,0.0,582.192,2026-12-31T00:00:00Z,Fed,Yes=0.041 / No=0.959
Will 51 senators vote “Yea” for Trump’s Fed Chair nominee?,will-51-senators-vote-yea-for-trumps-fed-chair-nominee-686,https://polymarket.com/event/will-51-senators-vote-yea-for-trumps-fed-chair-nominee-686,0.0,226.04353199999997,352.2264,2026-12-31T00:00:00Z,Fed,Yes=0.275 / No=0.725
Will 52 senators vote “Yea” for Trump’s Fed Chair nominee?,will-52-senators-vote-yea-for-trumps-fed-chair-nominee-315,https://polymarket.com/event/will-52-senators-vote-yea-for-trumps-fed-chair-nominee-315,0.0,484.74379099999993,752.52147,2026-12-31T00:00:00Z,Fed,Yes=0.0265 / No=0.9735
Will 54 senators vote “Yea” for Trump’s Fed Chair nominee?,will-54-senators-vote-yea-for-trumps-fed-chair-nominee-682,https://polymarket.com/event/will-54-senators-vote-yea-for-trumps-fed-chair-nominee-682,0.0,233.33297800000003,411.33784,2026-12-31T00:00:00Z,Fed,Yes=0.041 / No=0.959
Will 55 senators vote “Yea” for Trump’s Fed Chair nominee?,will-55-senators-vote-yea-for-trumps-fed-chair-nominee-946,https://polymarket.com/event/will-55-senators-vote-yea-for-trumps-fed-chair-nominee-946,0.0,0.0,383.35549,2026-12-31T00:00:00Z,Fed,Yes=0.252 / No=0.748
Fed abolished before 2027?,fed-abolished-before-2027,https://polymarket.com/event/fed-abolished-before-2027,0.0,3724.328541,5355.08868,2026-12-31T00:00:00Z,Fed,Yes=0.038 / No=0.962
Will 56 senators vote “Yea” for Trump’s Fed Chair nominee?,will-56-senators-vote-yea-for-trumps-fed-chair-nominee-377,https://polymarket.com/event/will-56-senators-vote-yea-for-trumps-fed-chair-nominee-377,0.0,52.44,471.21393,2026-12-31T00:00:00Z,Fed,Yes=0.012 / No=0.988
Will 57 senators vote “Yea” for Trump’s Fed Chair nominee?,will-57-senators-vote-yea-for-trumps-fed-chair-nominee-499,https://polymarket.com/event/will-57-senators-vote-yea-for-trumps-fed-chair-nominee-499,0.0,0.0,440.53038,2026-12-31T00:00:00Z,Fed,Yes=0.0395 / No=0.9605
Will 58 senators vote “Yea” for Trump’s Fed Chair nominee?,will-58-senators-vote-yea-for-trumps-fed-chair-nominee-791,https://polymarket.com/event/will-58-senators-vote-yea-for-trumps-fed-chair-nominee-791,0.0,0.0,437.45174,2026-12-31T00:00:00Z,Fed,Yes=0.0485 / No=0.9515
Will 59 senators vote “Yea” for Trump’s Fed Chair nominee?,will-59-senators-vote-yea-for-trumps-fed-chair-nominee-527,https://polymarket.com/event/will-59-senators-vote-yea-for-trumps-fed-chair-nominee-527,0.0,388.25292199999996,422.71376,2026-12-31T00:00:00Z,Fed,Yes=0.0115 / No=0.9885
Will US unemployment reach at least 7.0% in 2026?,will-us-unemployment-reach-at-least-7pt0-in-2026,https://polymarket.com/event/will-us-unemployment-reach-at-least-7pt0-in-2026,0.0,17575.22560900001,2465.1359,2026-01-10T00:00:00Z,Labor,Yes=0.135 / No=0.865
Will US unemployment reach at least 6.0% in 2026?,will-us-unemployment-reach-at-least-6pt0-in-2026,https://polymarket.com/event/will-us-unemployment-reach-at-least-6pt0-in-2026,0.0,50338.316171999984,3213.7432,2026-01-10T00:00:00Z,Labor,Yes=0.165 / No=0.835
Will inflation reach more than 10% in 2026?,will-inflation-reach-more-than-10-in-2026-741,https://polymarket.com/event/will-inflation-reach-more-than-10-in-2026-741,0.0,30986.42452300001,38586.04002,2026-12-31T00:00:00Z,CPI,Yes=0.0435 / No=0.9565
Will the Fed’s lower bound reach 0.25% or lower before 2027?,will-the-feds-lower-bound-reach-0pt25-or-lower-before-2027-173-921-916-764-754-593-935,https://polymarket.com/event/will-the-feds-lower-bound-reach-0pt25-or-lower-before-2027-173-921-916-764-754-593-935,0.0,119385.42769699998,9637.45014,2026-12-31T00:00:00Z,Fed,Yes=0.045 / No=0.955
"Will Trump try to fire Powell as Fed Board Member by June 30, 2026?",will-trump-try-to-fire-powell-as-fed-board-member-by-june-30-2026,https://polymarket.com/event/will-trump-try-to-fire-powell-as-fed-board-member-by-june-30-2026,0.0,3819.5297399999968,5113.664,2026-12-31T00:00:00Z,Fed,Yes=0.09 / No=0.91
"Will Trump try to fire Powell as Fed Board Member by December 31, 2026?",will-trump-try-to-fire-powell-as-fed-board-member-by-december-31-2026-239,https://polymarket.com/event/will-trump-try-to-fire-powell-as-fed-board-member-by-december-31-2026-239,0.0,4258.304273000001,4637.1823,2026-12-31T00:00:00Z,Fed,Yes=0.295 / No=0.705
Will the Fed’s lower bound reach 2.25% or lower before 2027?,will-the-feds-lower-bound-reach-2pt25-or-lower-before-2027-766-981-398-889-982,https://polymarket.com/event/will-the-feds-lower-bound-reach-2pt25-or-lower-before-2027-766-981-398-889-982,0.0,23063.089572000015,9729.0091,2026-12-31T00:00:00Z,Fed,Yes=0.08 / No=0.92
Will the Fed’s lower bound reach 0% or lower before 2027?,will-the-feds-lower-bound-reach-0-or-lower-before-2027-196-363-557-457-329-251-881,https://polymarket.com/event/will-the-feds-lower-bound-reach-0-or-lower-before-2027-196-363-557-457-329-251-881,0.0,10783.636957000002,16977.72538,2026-12-31T00:00:00Z,Fed,Yes=0.0595 / No=0.9405
Will Jerome Powell depart as Fed Chair by May 16 2026?,will-jerome-powell-depart-as-fed-chair-by-may-16-2026,https://polymarket.com/event/will-jerome-powell-depart-as-fed-chair-by-may-16-2026,0.0,3915.710880000001,3646.8231,2026-06-30T00:00:00Z,Fed,Yes=0.17 / No=0.83
"Jerome Powell out as Fed Chair by June 30, 2026?",jerome-powell-out-as-fed-chair-by-june-30-2026,https://polymarket.com/event/jerome-powell-out-as-fed-chair-by-june-30-2026,0.0,7870.411427,10988.1333,2026-05-14T00:00:00Z,Fed,Yes=0.885 / No=0.115
Will the Fed’s lower bound reach 0.5% or lower before 2027?,will-the-feds-lower-bound-reach-0pt5-or-lower-before-2027-459-115-473-497-424-381-849,https://polymarket.com/event/will-the-feds-lower-bound-reach-0pt5-or-lower-before-2027-459-115-473-497-424-381-849,0.0,95514.845786,15171.71875,2026-12-31T00:00:00Z,Fed,Yes=0.0285 / No=0.9715
Will Jerome Powell depart as Fed Chair between May 23 and May 29?,will-jerome-powell-depart-as-fed-chair-between-may-23-and-may-29,https://polymarket.com/event/will-jerome-powell-depart-as-fed-chair-between-may-23-and-may-29,0.0,3234.867283,4423.4104,2026-07-03T00:00:00Z,Fed,Yes=0.145 / No=0.855
Will the Fed’s lower bound reach 0.75% or lower before 2027?,will-the-feds-lower-bound-reach-0pt75-or-lower-before-2027-363-525-928-736-291-548-229,https://polymarket.com/event/will-the-feds-lower-bound-reach-0pt75-or-lower-before-2027-363-525-928-736-291-548-229,0.0,388.48950999999994,8991.79923,2026-12-31T00:00:00Z,Fed,Yes=0.085 / No=0.915
Will Jerome Powell depart as Fed Chair between June 27 and July 3?,will-jerome-powell-depart-as-fed-chair-between-june-27-and-july-3,https://polymarket.com/event/will-jerome-powell-depart-as-fed-chair-between-june-27-and-july-3,0.0,893.9006,7787.86691,2026-07-03T00:00:00Z,Fed,Yes=0.026 / No=0.974
Will Jerome Powell depart as Fed Chair between June 20 and June 26?,will-jerome-powell-depart-as-fed-chair-between-june-20-and-june-26,https://polymarket.com/event/will-jerome-powell-depart-as-fed-chair-between-june-20-and-june-26,0.0,1335.2588029999997,6802.4207,2026-07-03T00:00:00Z,Fed,Yes=0.065 / No=0.935
Will Jerome Powell depart as Fed Chair between June 13 and June 19?,will-jerome-powell-depart-as-fed-chair-between-june-13-and-june-19,https://polymarket.com/event/will-jerome-powell-depart-as-fed-chair-between-june-13-and-june-19,0.0,1594.444337,4759.57578,2026-07-03T00:00:00Z,Fed,Yes=0.0405 / No=0.9595
Will Jerome Powell depart as Fed Chair between June 6 and June 12?,will-jerome-powell-depart-as-fed-chair-between-june-6-and-june-12,https://polymarket.com/event/will-jerome-powell-depart-as-fed-chair-between-june-6-and-june-12,0.0,1151.2847040000001,5843.6245,2026-07-03T00:00:00Z,Fed,Yes=0.14 / No=0.86
Will the Fed’s lower bound reach 1.75% or lower before 2027?,will-the-feds-lower-bound-reach-1pt75-or-lower-before-2027-123-334-678-153-953-848-473,https://polymarket.com/event/will-the-feds-lower-bound-reach-1pt75-or-lower-before-2027-123-334-678-153-953-848-473,0.0,7427.410776000001,8572.6473,2026-12-31T00:00:00Z,Fed,Yes=0.065 / No=0.935
"Will no final Senate confirmation vote be held for Trump’s Fed Chair nominee by December 31, 2026?",will-no-final-senate-confirmation-vote-be-held-for-trumps-fed-chair-nominee-by-december-31-2026-993,https://polymarket.com/event/will-no-final-senate-confirmation-vote-be-held-for-trumps-fed-chair-nominee-by-december-31-2026-993,0.0,0.0,615.65273,2026-12-31T00:00:00Z,Fed,Yes=0.316 / No=0.684
Will world GDP growth be ≤2.9% in 2026?,will-world-gdp-growth-be-2pt9-in-2026,https://polymarket.com/event/will-world-gdp-growth-be-2pt9-in-2026,0.0,3742.6828440000004,596.831,2027-01-15T00:00:00Z,GDP,Yes=0.285 / No=0.715
Will world GDP growth be 3.0% in 2026?,will-world-gdp-growth-be-3pt0-in-2026,https://polymarket.com/event/will-world-gdp-growth-be-3pt0-in-2026,0.0,405.159231,658.44648,2027-01-15T00:00:00Z,GDP,Yes=0.1715 / No=0.8285
Will the Bank of Israel decrease the Bank of Israel Interest Rate after the July decision?,will-the-bank-of-israel-decrease-the-bank-of-israel-interest-rate-after-the-july-decision,https://polymarket.com/event/will-the-bank-of-israel-decrease-the-bank-of-israel-interest-rate-after-the-july-decision,0.0,110.30581900000001,397.7995,2026-07-06T00:00:00Z,Fed,Yes=0.31 / No=0.69
Fed Rate Hike by September 2026 Meeting?,fed-rate-hike-by-september-2026-meeting,https://polymarket.com/event/fed-rate-hike-by-september-2026-meeting,0.0,33.480673,15574.2582,2026-12-09T00:00:00Z,Fed,Yes=0.16 / No=0.84
Fed Rate Hike by July 2026 Meeting?,fed-rate-hike-by-july-2026-meeting,https://polymarket.com/event/fed-rate-hike-by-july-2026-meeting,0.0,670.6875729999998,19585.5039,2026-12-09T00:00:00Z,Fed,Yes=0.085 / No=0.915
Will South African inflation be between 4.7% and 5.0% in 2026?,will-south-african-inflation-be-between-4pt7-and-5pt0-in-2026,https://polymarket.com/event/will-south-african-inflation-be-between-4pt7-and-5pt0-in-2026,0.0,361.359338,1348.0635,2027-01-20T00:00:00Z,CPI,Yes=0.22 / No=0.78
Will South African inflation be greater than 5.0% in 2026?,will-south-african-inflation-be-greater-than-5pt0-in-2026,https://polymarket.com/event/will-south-african-inflation-be-greater-than-5pt0-in-2026,0.0,5925.1722359999985,765.42318,2027-01-20T00:00:00Z,CPI,Yes=0.2845 / No=0.7155
Will the Bank of Israel increase the Bank of Israel Interest Rate after the July decision?,will-the-bank-of-israel-increase-the-bank-of-israel-interest-rate-after-the-july-decision,https://polymarket.com/event/will-the-bank-of-israel-increase-the-bank-of-israel-interest-rate-after-the-july-decision,0.0,136.347348,175.53777,2026-07-06T00:00:00Z,Fed,Yes=0.0115 / No=0.9885
Will the Bank of Israel make no change to the Bank of Israel Interest Rate after the July decision?,will-the-bank-of-israel-make-no-change-to-the-bank-of-israel-interest-rate-after-the-july-decision,https://polymarket.com/event/will-the-bank-of-israel-make-no-change-to-the-bank-of-israel-interest-rate-after-the-july-decision,0.0,186.23684499999996,125.4956,2026-07-06T00:00:00Z,Fed,Yes=0.69 / No=0.31
Will the Fed’s lower bound reach 1.0% or lower before 2027?,will-the-feds-lower-bound-reach-1pt0-or-lower-before-2027-913-827-367-957-973-514,https://polymarket.com/event/will-the-feds-lower-bound-reach-1pt0-or-lower-before-2027-913-827-367-957-973-514,0.0,1766.279595,8484.37129,2026-12-31T00:00:00Z,Fed,Yes=0.0875 / No=0.9125
Will world GDP growth be 3.1% in 2026?,will-world-gdp-growth-be-3pt1-in-2026,https://polymarket.com/event/will-world-gdp-growth-be-3pt1-in-2026,0.0,367.8884110000001,646.5554,2027-01-15T00:00:00Z,GDP,Yes=0.184 / No=0.816
Will the Fed’s lower bound reach 2.0% or lower before 2027?,will-the-feds-lower-bound-reach-2pt0-or-lower-before-2027-998-393-918-642-545-695-628,https://polymarket.com/event/will-the-feds-lower-bound-reach-2pt0-or-lower-before-2027-998-393-918-642-545-695-628,0.0,15119.439082,8960.7025,2026-12-31T00:00:00Z,Fed,Yes=0.095 / No=0.905
Fed rate cut by September 2026 meeting?,fed-rate-cut-by-september-2026-meeting-264-382,https://polymarket.com/event/fed-rate-cut-by-september-2026-meeting-264-382,0.0,84693.54779299992,17082.46944,2026-06-17T00:00:00Z,Fed,Yes=0.5385 / No=0.4615
Fed rate cut by October 2026 meeting?,fed-rate-cut-by-october-2026-meeting-199-747,https://polymarket.com/event/fed-rate-cut-by-october-2026-meeting-199-747,0.0,37097.12389199999,26938.9593,2026-06-17T00:00:00Z,Fed,Yes=0.4685 / No=0.5315
Will the Fed cut rates before Kevin Warsh is confirmed as Fed Chair?,will-the-fed-cut-rates-before-kevin-warsh-is-confirmed-as-fed-chair,https://polymarket.com/event/will-the-fed-cut-rates-before-kevin-warsh-is-confirmed-as-fed-chair,0.0,36935.634753000006,15217.5262,2026-10-31T00:00:00Z,Fed,Yes=0.055 / No=0.945
Will the Fed’s upper bound reach 4.75% or higher before 2027?,will-the-feds-upper-bound-reach-4pt75-or-higher-before-2027-445-397,https://polymarket.com/event/will-the-feds-upper-bound-reach-4pt75-or-higher-before-2027-445-397,0.0,70201.41017500006,10370.81843,2026-12-31T00:00:00Z,Fed,Yes=0.0365 / No=0.9635
Will the Fed’s upper bound reach 5.25% or higher before 2027?,will-the-feds-upper-bound-reach-5pt25-or-higher-before-2027-679,https://polymarket.com/event/will-the-feds-upper-bound-reach-5pt25-or-higher-before-2027-679,0.0,139601.64896400005,11733.14695,2026-12-31T00:00:00Z,Fed,Yes=0.047 / No=0.953
Fed Rate Hike by October 2026 Meeting?,fed-rate-hike-by-october-2026-meeting,https://polymarket.com/event/fed-rate-hike-by-october-2026-meeting,0.0,374.197334,15086.5786,2026-12-09T00:00:00Z,Fed,Yes=0.17 / No=0.83
Will South African inflation be between 4.4% and 4.7% in 2026?,will-south-african-inflation-be-between-4pt4-and-4pt7-in-2026,https://polymarket.com/event/will-south-african-inflation-be-between-4pt4-and-4pt7-in-2026,0.0,12088.802273000005,1356.54067,2027-01-20T00:00:00Z,CPI,Yes=0.1925 / No=0.8075
Will South African inflation be between 4.1% and 4.4% in 2026?,will-south-african-inflation-be-between-4pt1-and-4pt4-in-2026,https://polymarket.com/event/will-south-african-inflation-be-between-4pt1-and-4pt4-in-2026,0.0,531.927155,1316.0765,2027-01-20T00:00:00Z,CPI,Yes=0.25 / No=0.75
Will South African inflation be between 3.8% and 4.1% in 2026?,will-south-african-inflation-be-between-3pt8-and-4pt1-in-2026,https://polymarket.com/event/will-south-african-inflation-be-between-3pt8-and-4pt1-in-2026,0.0,654.7357469999998,1351.90565,2027-01-20T00:00:00Z,CPI,Yes=0.1895 / No=0.8105
Will the Fed’s lower bound reach 1.25% or lower before 2027?,will-the-feds-lower-bound-reach-1pt25-or-lower-before-2027-683-273-676-864-498-519,https://polymarket.com/event/will-the-feds-lower-bound-reach-1pt25-or-lower-before-2027-683-273-676-864-498-519,0.0,948.200458,8595.13161,2026-12-31T00:00:00Z,Fed,Yes=0.2425 / No=0.7575
Will South African inflation be between 3.2% and 3.5% in 2026?,will-south-african-inflation-be-between-3pt2-and-3pt5-in-2026,https://polymarket.com/event/will-south-african-inflation-be-between-3pt2-and-3pt5-in-2026,0.0,362.50599,1401.76652,2027-01-20T00:00:00Z,CPI,Yes=0.225 / No=0.775
Will South African inflation be between 2.9% and 3.2% in 2026?,will-south-african-inflation-be-between-2pt9-and-3pt2-in-2026,https://polymarket.com/event/will-south-african-inflation-be-between-2pt9-and-3pt2-in-2026,0.0,349.60179,1396.10754,2027-01-20T00:00:00Z,CPI,Yes=0.162 / No=0.838
Will South African inflation be between 2.6% and 2.9% in 2026?,will-south-african-inflation-be-between-2pt6-and-2pt9-in-2026,https://polymarket.com/event/will-south-african-inflation-be-between-2pt6-and-2pt9-in-2026,0.0,270.217506,1506.51649,2027-01-20T00:00:00Z,CPI,Yes=0.1125 / No=0.8875
Will the April 2026 unemployment rate be 4.6%?,will-the-april-2026-unemployment-rate-be-4pt6,https://polymarket.com/event/will-the-april-2026-unemployment-rate-be-4pt6,0.0,1304.9277139999997,4461.06434,2026-05-08T00:00:00Z,Labor,Yes=0.041 / No=0.959
Will the April 2026 unemployment rate be ≥4.7%?,will-the-april-2026-unemployment-rate-be-4pt7,https://polymarket.com/event/will-the-april-2026-unemployment-rate-be-4pt7,0.0,2996.9959370000006,4760.09734,2026-05-08T00:00:00Z,Labor,Yes=0.038 / No=0.962
Will South African inflation be less than 2.6% in 2026?,will-south-african-inflation-be-less-than-2pt6-in-2026,https://polymarket.com/event/will-south-african-inflation-be-less-than-2pt6-in-2026,0.0,255.323168,767.2806,2027-01-20T00:00:00Z,CPI,Yes=0.2145 / No=0.7855
Will world GDP growth be 3.7%+ in 2026?,will-world-gdp-growth-be-3pt7-in-2026,https://polymarket.com/event/will-world-gdp-growth-be-3pt7-in-2026,0.0,771.2271319999999,1543.00925,2027-01-15T00:00:00Z,GDP,Yes=0.144 / No=0.856
Will world GDP growth be 3.6% in 2026?,will-world-gdp-growth-be-3pt6-in-2026,https://polymarket.com/event/will-world-gdp-growth-be-3pt6-in-2026,0.0,451.5482670000001,868.96005,2027-01-15T00:00:00Z,GDP,Yes=0.0115 / No=0.9885
Will world GDP growth be 3.5% in 2026?,will-world-gdp-growth-be-3pt5-in-2026,https://polymarket.com/event/will-world-gdp-growth-be-3pt5-in-2026,0.0,2990.747753999998,1425.91336,2027-01-15T00:00:00Z,GDP,Yes=0.0215 / No=0.9785
Will world GDP growth be 3.4% in 2026?,will-world-gdp-growth-be-3pt4-in-2026,https://polymarket.com/event/will-world-gdp-growth-be-3pt4-in-2026,0.0,3526.9691210000005,1592.98279,2027-01-15T00:00:00Z,GDP,Yes=0.0145 / No=0.9855
Will world GDP growth be 3.3% in 2026?,will-world-gdp-growth-be-3pt3-in-2026,https://polymarket.com/event/will-world-gdp-growth-be-3pt3-in-2026,0.0,1906.587253,1204.2138,2027-01-15T00:00:00Z,GDP,Yes=0.0185 / No=0.9815
Will world GDP growth be 3.2% in 2026?,will-world-gdp-growth-be-3pt2-in-2026,https://polymarket.com/event/will-world-gdp-growth-be-3pt2-in-2026,0.0,1568.283696,650.32015,2027-01-15T00:00:00Z,GDP,Yes=0.268 / No=0.732
Will South African inflation be between 3.5% and 3.8% in 2026?,will-south-african-inflation-be-between-3pt5-and-3pt8-in-2026,https://polymarket.com/event/will-south-african-inflation-be-between-3pt5-and-3pt8-in-2026,0.0,459.715205,1363.4275,2027-01-20T00:00:00Z,CPI,Yes=0.184 / No=0.816
